timestamp,grid_id,event_count_30d,event_count_lag1,max_mag_30d,mean_depth_30d,cum_energy_30d,recent_m45_30d,target_m5_14d,m5_count_next_14d,log_cum_energy_30d,log_event_count_30d,log_event_count_lag1,mean_depth_imputed
2000-02-01 23:18:53.720,Central (35–40N) | East (138–146E),10,0,5.4,50.519999999999996,13639714910892.49,1,1,1,13.134805293053619,2.3978952727983707,0.0,50.519999999999996
2000-02-01 23:18:53.720,Central (35–40N) | West (130–138E),0,0,0.0,,0.0,0,0,0,0.0,0.0,0.0,86.05303030303031
2000-02-01 23:18:53.720,North (40–45N) | East (138–146E),8,0,4.8,65.3625,3068402181431.6455,1,0,0,12.486912282828955,2.1972245773362196,0.0,65.3625
2000-02-01 23:18:53.720,North (40–45N) | West (130–138E),1,0,3.5,541.0,11220184543.019653,0,1,1,10.050000000038708,0.6931471805599453,0.0,541.0
2000-02-01 23:18:53.720,South (30–35N) | East (138–146E),7,0,5.3,157.8714285714286,7669244643165.984,1,1,2,12.884752591659687,2.0794415416798357,0.0,157.8714285714286
2000-02-01 23:18:53.720,South (30–35N) | West (130–138E),6,0,5.5,94.28333333333332,12578637138904.836,1,0,0,13.09963358903325,1.9459101490553132,0.0,94.28333333333332
2000-03-02 23:18:53.720,Central (35–40N) | East (138–146E),14,10,5.4,43.91428571428571,13799865712519.76,1,0,0,13.139874860271165,2.70805020110221,2.3978952727983707,43.91428571428571
2000-03-02 23:18:53.720,Central (35–40N) | West (130–138E),0,0,0.0,,0.0,0,0,0,0.0,0.0,0.0,86.05303030303031
2000-03-02 23:18:53.720,North (40–45N) | East (138–146E),9,8,4.8,96.56666666666666,2501237774631.8813,1,0,0,12.39815497893664,2.302585092994046,2.1972245773362196,96.56666666666666
2000-03-02 23:18:53.720,North (40–45N) | West (130–138E),1,1,6.0,513.6,63095734448019.43,1,0,0,13.800000000000008,0.6931471805599453,0.6931471805599453,513.6
2000-03-02 23:18:53.720,South (30–35N) | East (138–146E),8,7,5.4,99.3125,15200296969756.123,1,0,0,13.181852072883386,2.1972245773362196,2.0794415416798357,99.3125
2000-03-02 23:18:53.720,South (30–35N) | West (130–138E),4,6,4.3,194.525,380011618000.08936,0,0,0,11.579796874397426,1.6094379124341003,1.9459101490553132,194.525
2000-04-01 23:18:53.720,Central (35–40N) | East (138–146E),8,14,5.3,47.175,6843781898707.992,1,0,0,12.835296160761455,2.1972245773362196,2.70805020110221,47.175
2000-04-01 23:18:53.720,Central (35–40N) | West (130–138E),2,0,4.2,226.95,141741473104.02823,0,0,0,11.151496942028295,1.0986122886681098,0.0,226.95
2000-04-01 23:18:53.720,North (40–45N) | East (138–146E),31,9,5.0,29.916129032258063,8585752995776.901,1,1,1,12.933778390070078,3.4657359027997265,2.302585092994046,29.916129032258063
2000-04-01 23:18:53.720,North (40–45N) | West (130–138E),2,1,4.5,375.75,480705930412.99316,1,0,0,11.681879480002966,1.0986122886681098,0.6931471805599453,375.75
2000-04-01 23:18:53.720,South (30–35N) | East (138–146E),8,8,5.4,123.69999999999999,9564083920902.541,1,0,0,12.980643378215948,2.1972245773362196,2.1972245773362196,123.69999999999999
2000-04-01 23:18:53.720,South (30–35N) | West (130–138E),2,4,4.3,210.6,266953034817.26666,0,1,1,11.426434862438112,1.0986122886681098,1.6094379124341003,210.6
2000-05-01 23:18:53.720,Central (35–40N) | East (138–146E),16,8,4.9,53.46875,4821986945184.512,1,0,0,12.683226030255128,2.833213344056216,2.1972245773362196,53.46875
2000-05-01 23:18:53.720,Central (35–40N) | West (130–138E),2,2,5.5,357.1,11283280277467.672,1,0,0,13.052435376181256,1.0986122886681098,1.0986122886681098,357.1
2000-05-01 23:18:53.720,North (40–45N) | East (138–146E),19,31,5.6,68.98421052631579,48579693175934.82,1,1,1,13.68645476752101,2.995732273553991,3.4657359027997265,68.98421052631579
2000-05-01 23:18:53.720,North (40–45N) | West (130–138E),0,2,0.0,,0.0,0,0,0,0.0,0.0,1.0986122886681098,86.05303030303031
2000-05-01 23:18:53.720,South (30–35N) | East (138–146E),9,8,4.6,123.77777777777777,1877153458370.6633,1,0,0,12.273499777895593,2.302585092994046,2.1972245773362196,123.77777777777777
2000-05-01 23:18:53.720,South (30–35N) | West (130–138E),10,2,5.1,235.83,4883341248021.704,1,0,0,12.688717073855067,2.3978952727983707,1.0986122886681098,235.83
2000-05-31 23:18:53.720,Central (35–40N) | East (138–146E),7,16,4.8,81.79999999999998,2431981751224.6475,1,1,1,12.385960311812976,2.0794415416798357,2.833213344056216,81.79999999999998
2000-05-31 23:18:53.720,Central (35–40N) | West (130–138E),3,2,4.5,140.46666666666667,712445161398.4165,1,1,1,11.852751441286589,1.3862943611198906,1.0986122886681098,140.46666666666667
2000-05-31 23:18:53.720,North (40–45N) | East (138–146E),10,19,5.0,51.879999999999995,4018428026228.7246,1,0,0,12.60405619411687,2.3978952727983707,2.995732273553991,51.879999999999995
2000-05-31 23:18:53.720,North (40–45N) | West (130–138E),0,0,0.0,,0.0,0,0,0,0.0,0.0,0.0,86.05303030303031
2000-05-31 23:18:53.720,South (30–35N) | East (138–146E),4,9,4.7,140.125,1668761206002.2505,1,0,0,12.222394195076612,1.6094379124341003,2.302585092994046,140.125
2000-05-31 23:18:53.720,South (30–35N) | West (130–138E),6,10,4.3,113.45,470183161134.8591,0,1,3,11.672267071499409,1.9459101490553132,2.3978952727983707,113.45
2000-06-30 23:18:53.720,Central (35–40N) | East (138–146E),7,7,6.2,72.42857142857143,135568560592998.16,1,1,2,14.132158984928667,2.0794415416798357,2.0794415416798357,72.42857142857143
2000-06-30 23:18:53.720,Central (35–40N) | West (130–138E),5,3,5.9,73.36,45868417318083.54,1,0,0,13.661513755133491,1.791759469228055,1.3862943611198906,73.36
2000-06-30 23:18:53.720,North (40–45N) | East (138–146E),8,10,4.9,98.0875,3786935696543.4673,1,0,0,12.57828793071549,2.1972245773362196,2.3978952727983707,98.0875
2000-06-30 23:18:53.720,North (40–45N) | West (130–138E),0,0,0.0,,0.0,0,0,0,0.0,0.0,0.0,86.05303030303031
2000-06-30 23:18:53.720,South (30–35N) | East (138–146E),106,4,5.6,15.345283018867924,92647596441169.47,1,1,22,13.966834156888842,4.672828834461906,1.6094379124341003,15.345283018867924
2000-06-30 23:18:53.720,South (30–35N) | West (130–138E),13,6,6.3,147.82307692307694,278243184631022.8,1,1,1,14.444424535402476,2.6390573296152584,1.9459101490553132,147.82307692307694
2000-07-30 23:18:53.720,Central (35–40N) | East (138–146E),19,7,6.0,28.86842105263158,109873561290856.86,1,1,1,14.040893201369363,2.995732273553991,2.0794415416798357,28.86842105263158
2000-07-30 23:18:53.720,Central (35–40N) | West (130–138E),3,5,3.9,347.3,105185650354.80344,0,0,0,11.021956496506297,1.3862943611198906,1.791759469228055,347.3
2000-07-30 23:18:53.720,North (40–45N) | East (138–146E),9,8,4.5,145.96666666666664,1172595326061.8545,1,0,0,12.06914815876473,2.302585092994046,2.1972245773362196,145.96666666666664
2000-07-30 23:18:53.720,North (40–45N) | West (130–138E),1,0,3.8,245.9,31622776601.683792,0,0,0,10.500000000013733,0.6931471805599453,0.0,245.9
2000-07-30 23:18:53.720,South (30–35N) | East (138–146E),421,106,6.5,10.926365795724466,868066829129756.5,1,1,7,14.938553161127011,6.045005314036012,4.672828834461906,10.926365795724466
2000-07-30 23:18:53.720,South (30–35N) | West (130–138E),7,13,5.4,99.39999999999999,8702629104724.242,1,1,1,12.939650474823761,2.0794415416798357,2.6390573296152584,99.39999999999999
2000-08-29 23:18:53.720,Central (35–40N) | East (138–146E),13,19,5.5,50.34615384615385,23929733278365.293,1,0,0,13.378937857979118,2.6390573296152584,2.995732273553991,50.34615384615385
2000-08-29 23:18:53.720,Central (35–40N) | West (130–138E),2,3,4.1,416.15,94748507065.2779,0,0,0,10.976572375600686,1.0986122886681098,1.3862943611198906,416.15
2000-08-29 23:18:53.720,North (40–45N) | East (138–146E),13,9,5.0,37.55384615384615,5828033792351.136,1,0,0,12.765522061249895,2.6390573296152584,2.302585092994046,37.55384615384615
2000-08-29 23:18:53.720,North (40–45N) | West (130–138E),0,1,0.0,,0.0,0,0,0,0.0,0.0,0.6931471805599453,86.05303030303031
2000-08-29 23:18:53.720,South (30–35N) | East (138–146E),210,421,5.7,11.13857142857143,172053663617831.9,1,1,1,14.235663924687659,5.351858133476067,6.045005314036012,11.13857142857143
2000-08-29 23:18:53.720,South (30–35N) | West (130–138E),7,7,5.6,138.0285714285714,17424862298017.713,1,0,0,13.241169354721443,2.0794415416798357,2.0794415416798357,138.0285714285714
2000-09-28 23:18:53.720,Central (35–40N) | East (138–146E),7,13,4.8,72.05714285714285,3743624022323.379,1,0,0,12.573292225421557,2.0794415416798357,2.6390573296152584,72.05714285714285
2000-09-28 23:18:53.720,Central (35–40N) | West (130–138E),1,2,3.8,358.7,31622776601.683792,0,1,3,10.500000000013733,0.6931471805599453,1.0986122886681098,358.7
2000-09-28 23:18:53.720,North (40–45N) | East (138–146E),9,13,5.2,107.2,7507151431981.15,1,1,1,12.875475176411333,2.302585092994046,2.6390573296152584,107.2
2000-09-28 23:18:53.720,North (40–45N) | West (130–138E),1,0,4.9,582.3,1412537544622.7554,1,0,0,12.150000000000308,0.6931471805599453,0.0,582.3
2000-09-28 23:18:53.720,South (30–35N) | East (138–146E),7,210,5.3,121.37142857142858,7382478605323.628,1,0,0,12.868202197038684,2.0794415416798357,5.351858133476067,121.37142857142858
2000-09-28 23:18:53.720,South (30–35N) | West (130–138E),4,7,4.3,118.075,380011618000.08936,0,0,0,11.579796874397426,1.6094379124341003,2.0794415416798357,118.075
2000-10-28 23:18:53.720,Central (35–40N) | East (138–146E),11,7,4.8,52.09090909090909,2978496678522.803,1,1,1,12.473997120130822,2.4849066497880004,2.0794415416798357,52.09090909090909
2000-10-28 23:18:53.720,Central (35–40N) | West (130–138E),8,1,6.7,10.0,721018410958836.1,1,0,0,14.857946354422264,2.1972245773362196,0.6931471805599453,10.0
2000-10-28 23:18:53.720,North (40–45N) | East (138–146E),11,9,6.3,85.97272727272728,179936738375587.3,1,1,1,14.25511984397288,2.4849066497880004,2.302585092994046,85.97272727272728
2000-10-28 23:18:53.720,North (40–45N) | West (130–138E),1,1,4.2,444.5,125892541179.41713,0,0,0,11.100000000003451,0.6931471805599453,0.6931471805599453,444.5
2000-10-28 23:18:53.720,South (30–35N) | East (138–146E),6,7,4.9,109.33333333333333,2712701564618.947,1,1,1,12.433402017879583,1.9459101490553132,2.0794415416798357,109.33333333333333
2000-10-28 23:18:53.720,South (30–35N) | West (130–138E),8,4,5.0,291.0375,3856092197155.9834,1,1,1,12.586147409109902,2.1972245773362196,1.6094379124341003,291.0375
2000-11-27 23:18:53.720,Central (35–40N) | East (138–146E),8,11,5.3,52.65,10827724043553.51,1,1,1,13.034537178767408,2.1972245773362196,2.4849066497880004,52.65
2000-11-27 23:18:53.720,Central (35–40N) | West (130–138E),0,8,0.0,,0.0,0,0,0,0.0,0.0,2.1972245773362196,86.05303030303031
2000-11-27 23:18:53.720,North (40–45N) | East (138–146E),12,11,6.0,79.34166666666667,88882449982432.8,1,0,0,13.948816017120786,2.5649493574615367,2.4849066497880004,79.34166666666667
2000-11-27 23:18:53.720,North (40–45N) | West (130–138E),2,1,4.5,380.04999999999995,377200600619.2595,1,0,0,11.576572375597255,1.0986122886681098,0.6931471805599453,380.04999999999995
2000-11-27 23:18:53.720,South (30–35N) | East (138–146E),4,6,5.0,120.87500000000001,2502296532463.853,1,0,0,12.398338774095317,1.6094379124341003,1.9459101490553132,120.87500000000001
2000-11-27 23:18:53.720,South (30–35N) | West (130–138E),3,8,5.5,86.13333333333333,12054022868583.21,1,0,0,13.081132011065069,1.3862943611198906,2.1972245773362196,86.13333333333333
2000-12-27 23:18:53.720,Central (35–40N) | East (138–146E),3,8,5.7,41.93333333333333,22539432213944.863,1,1,1,13.352942971627744,1.3862943611198906,2.1972245773362196,41.93333333333333
2000-12-27 23:18:53.720,Central (35–40N) | West (130–138E),1,0,3.8,33.0,31622776601.683792,0,0,0,10.500000000013733,0.6931471805599453,0.0,33.0
2000-12-27 23:18:53.720,North (40–45N) | East (138–146E),8,12,4.8,119.8625,2153922760379.03,1,0,0,12.333230125451198,2.1972245773362196,2.5649493574615367,119.8625
2000-12-27 23:18:53.720,North (40–45N) | West (130–138E),0,2,0.0,,0.0,0,0,0,0.0,0.0,1.0986122886681098,86.05303030303031
2000-12-27 23:18:53.720,South (30–35N) | East (138–146E),7,4,4.5,159.78571428571428,845776551503.9171,1,0,0,11.927255640502077,2.0794415416798357,1.6094379124341003,159.78571428571428
2000-12-27 23:18:53.720,South (30–35N) | West (130–138E),7,3,4.5,298.90000000000003,966319004110.3436,1,0,0,11.985120520675162,2.0794415416798357,1.3862943611198906,298.90000000000003
2001-01-26 23:18:53.720,Central (35–40N) | East (138–146E),4,3,5.3,30.1,7479889279573.196,1,0,0,12.873895169304856,1.6094379124341003,1.3862943611198906,30.1
2001-01-26 23:18:53.720,Central (35–40N) | West (130–138E),6,1,5.3,27.28333333333333,7658431868442.876,1,0,0,12.884139853105122,1.9459101490553132,0.6931471805599453,27.28333333333333
2001-01-26 23:18:53.720,North (40–45N) | East (138–146E),1,8,4.8,67.3,1000000000000.0,1,0,0,12.000000000000433,0.6931471805599453,2.1972245773362196,67.3
2001-01-26 23:18:53.720,North (40–45N) | West (130–138E),0,0,0.0,,0.0,0,0,0,0.0,0.0,0.0,86.05303030303031
2001-01-26 23:18:53.720,South (30–35N) | East (138–146E),9,7,4.9,118.3111111111111,3455598732375.4316,1,0,0,12.538523306019703,2.302585092994046,2.0794415416798357,118.3111111111111
2001-01-26 23:18:53.720,South (30–35N) | West (130–138E),8,7,4.9,93.51249999999999,2597926838532.014,1,0,0,12.414626916533472,2.1972245773362196,2.0794415416798357,93.51249999999999
2001-02-25 23:18:53.720,Central (35–40N) | East (138–146E),10,4,5.9,61.67999999999999,45935004780024.375,1,1,1,13.66214376590423,2.3978952727983707,1.6094379124341003,61.67999999999999
2001-02-25 23:18:53.720,Central (35–40N) | West (130–138E),3,6,4.2,33.0,278113369440.811,0,0,0,11.444221866732708,1.3862943611198906,1.9459101490553132,33.0
2001-02-25 23:18:53.720,North (40–45N) | East (138–146E),6,1,4.4,119.3,635247400403.6116,0,0,0,11.80294289648157,1.9459101490553132,0.6931471805599453,119.3
2001-02-25 23:18:53.720,North (40–45N) | West (130–138E),0,0,0.0,,0.0,0,0,0,0.0,0.0,0.0,86.05303030303031
2001-02-25 23:18:53.720,South (30–35N) | East (138–146E),9,9,4.7,121.93333333333334,2427478999521.9507,1,0,0,12.385155481451,2.302585092994046,2.302585092994046,121.93333333333334
2001-02-25 23:18:53.720,South (30–35N) | West (130–138E),5,8,4.9,121.85999999999999,2998751746964.542,1,0,0,12.476940513980397,1.791759469228055,2.1972245773362196,121.85999999999999
2001-03-27 23:18:53.720,Central (35–40N) | East (138–146E),14,10,5.3,49.31428571428571,12980333273754.332,1,1,1,13.11328584324207,2.70805020110221,2.3978952727983707,49.31428571428571
2001-03-27 23:18:53.720,Central (35–40N) | West (130–138E),1,3,4.1,267.2,89125093813.3744,0,0,0,10.950000000004872,0.6931471805599453,1.3862943611198906,267.2
2001-03-27 23:18:53.720,North (40–45N) | East (138–146E),4,6,4.6,124.15,620171511833.4067,1,1,1,11.792511812631268,1.6094379124341003,1.9459101490553132,124.15
2001-03-27 23:18:53.720,North (40–45N) | West (130–138E),1,0,4.1,281.4,89125093813.3744,0,0,0,10.950000000004872,0.6931471805599453,0.0,281.4
2001-03-27 23:18:53.720,South (30–35N) | East (138–146E),8,9,4.5,176.8125,736737185353.5486,1,1,1,11.867312590564437,2.1972245773362196,2.302585092994046,176.8125
2001-03-27 23:18:53.720,South (30–35N) | West (130–138E),15,5,6.8,112.44000000000001,1005246755106654.8,1,0,0,15.002272679893279,2.772588722239781,1.791759469228055,112.44000000000001
2001-04-26 23:18:53.720,Central (35–40N) | East (138–146E),14,14,5.4,58.07142857142858,12900833449730.348,1,0,0,13.110617768510632,2.70805020110221,2.70805020110221,58.07142857142858
2001-04-26 23:18:53.720,Central (35–40N) | West (130–138E),4,1,4.6,121.725,698076421103.7615,1,0,0,11.843902969109342,1.6094379124341003,0.6931471805599453,121.725
2001-04-26 23:18:53.720,North (40–45N) | East (138–146E),10,4,6.0,76.94000000000001,92283778094257.28,1,0,0,13.96512536621209,2.3978952727983707,1.6094379124341003,76.94000000000001
2001-04-26 23:18:53.720,North (40–45N) | West (130–138E),1,1,4.2,489.4,125892541179.41713,0,0,0,11.100000000003451,0.6931471805599453,0.6931471805599453,489.4
2001-04-26 23:18:53.720,South (30–35N) | East (138–146E),15,8,6.0,97.10666666666667,72694214998317.9,1,0,0,13.86149985110287,2.772588722239781,2.1972245773362196,97.10666666666667
2001-04-26 23:18:53.720,South (30–35N) | West (130–138E),7,15,5.7,136.91428571428574,31125643267919.016,1,0,0,13.493118335680379,2.0794415416798357,2.772588722239781,136.91428571428574
2001-05-26 23:18:53.720,Central (35–40N) | East (138–146E),8,14,5.0,65.1375,2705360470251.1567,1,0,0,12.43222513998282,2.1972245773362196,2.70805020110221,65.1375
2001-05-26 23:18:53.720,Central (35–40N) | West (130–138E),1,4,3.8,368.6,31622776601.683792,0,0,0,10.500000000013733,0.6931471805599453,1.6094379124341003,368.6
2001-05-26 23:18:53.720,North (40–45N) | East (138–146E),6,10,5.0,75.66666666666667,4934728328750.118,1,0,0,12.69326324848044,1.9459101490553132,2.3978952727983707,75.66666666666667
2001-05-26 23:18:53.720,North (40–45N) | West (130–138E),0,1,0.0,,0.0,0,0,0,0.0,0.0,0.6931471805599453,86.05303030303031
2001-05-26 23:18:53.720,South (30–35N) | East (138–146E),10,15,4.7,158.85000000000002,2720672525020.723,1,0,0,12.434676270873876,2.3978952727983707,2.772588722239781,158.85000000000002
2001-05-26 23:18:53.720,South (30–35N) | West (130–138E),7,7,5.1,85.54285714285713,4089013210080.6685,1,0,0,12.611618513600632,2.0794415416798357,2.0794415416798357,85.54285714285713
2001-06-25 23:18:53.720,Central (35–40N) | East (138–146E),9,8,4.7,54.166666666666664,3546153489537.4126,1,0,0,12.549757529408417,2.302585092994046,2.1972245773362196,54.166666666666664
2001-06-25 23:18:53.720,Central (35–40N) | West (130–138E),3,1,4.3,294.8,272576448069.17017,0,0,0,11.435488327965839,1.3862943611198906,0.6931471805599453,294.8
2001-06-25 23:18:53.720,North (40–45N) | East (138–146E),5,6,4.8,79.5,2220274491398.8174,1,1,1,12.346406669374524,1.791759469228055,1.9459101490553132,79.5
2001-06-25 23:18:53.720,North (40–45N) | West (130–138E),0,0,0.0,,0.0,0,0,0,0.0,0.0,0.0,86.05303030303031
2001-06-25 23:18:53.720,South (30–35N) | East (138–146E),8,10,4.7,102.5375,1607533186363.2,1,1,11,12.206159947385421,2.1972245773362196,2.3978952727983707,102.5375
2001-06-25 23:18:53.720,South (30–35N) | West (130–138E),6,7,4.8,158.01666666666665,1662792635286.2673,1,0,0,12.220838092294855,1.9459101490553132,2.0794415416798357,158.01666666666665
2001-07-25 23:18:53.720,Central (35–40N) | East (138–146E),10,9,4.9,65.03999999999999,3244286850169.18,1,1,1,12.511119246259987,2.3978952727983707,2.302585092994046,65.03999999999999
2001-07-25 23:18:53.720,Central (35–40N) | West (130–138E),0,3,0.0,,0.0,0,0,0,0.0,0.0,1.3862943611198906,86.05303030303031
2001-07-25 23:18:53.720,North (40–45N) | East (138–146E),5,5,5.1,119.08,3432272522765.424,1,0,0,12.535581763569098,1.791759469228055,1.791759469228055,119.08
2001-07-25 23:18:53.720,North (40–45N) | West (130–138E),1,0,3.8,562.8,31622776601.683792,0,0,0,10.500000000013733,0.6931471805599453,0.0,562.8
2001-07-25 23:18:53.720,South (30–35N) | East (138–146E),49,8,5.9,39.74081632653061,147220031375946.28,1,0,0,14.167966905953692,3.912023005428146,2.1972245773362196,39.74081632653061
2001-07-25 23:18:53.720,South (30–35N) | West (130–138E),8,6,4.6,317.4875,1482578190800.8909,1,0,0,12.17101760722235,2.1972245773362196,1.9459101490553132,317.4875
2001-08-24 23:18:53.720,Central (35–40N) | East (138–146E),5,10,5.1,68.03999999999999,4535063204693.37,1,1,2,12.656583344154376,1.791759469228055,2.3978952727983707,68.03999999999999
2001-08-24 23:18:53.720,Central (35–40N) | West (130–138E),2,0,4.2,343.3,188988275627.43655,0,0,0,11.276434862438785,1.0986122886681098,0.0,343.3
2001-08-24 23:18:53.720,North (40–45N) | East (138–146E),8,5,6.4,63.825,256687606055497.75,1,0,0,14.409404899635014,2.1972245773362196,1.791759469228055,63.825
2001-08-24 23:18:53.720,North (40–45N) | West (130–138E),0,1,0.0,,0.0,0,0,0,0.0,0.0,0.6931471805599453,86.05303030303031
2001-08-24 23:18:53.720,South (30–35N) | East (138–146E),5,49,4.8,96.84,2013347260650.4617,1,0,0,12.303918688141447,1.791759469228055,3.912023005428146,96.84
2001-08-24 23:18:53.720,South (30–35N) | West (130–138E),3,8,4.6,75.36666666666667,1033828563864.7399,1,1,1,12.014448527210565,1.3862943611198906,2.1972245773362196,75.36666666666667
2001-09-23 23:18:53.720,Central (35–40N) | East (138–146E),9,5,5.3,55.25555555555555,11162217296499.258,1,1,1,13.047750472736494,2.302585092994046,1.791759469228055,55.25555555555555
2001-09-23 23:18:53.720,Central (35–40N) | West (130–138E),2,2,4.9,41.3,1428386476547.3665,1,0,0,12.15484572979558,1.0986122886681098,1.0986122886681098,41.3
2001-09-23 23:18:53.720,North (40–45N) | East (138–146E),6,8,5.4,174.76666666666665,8786569809716.979,1,0,0,12.943819363872622,1.9459101490553132,2.1972245773362196,174.76666666666665
2001-09-23 23:18:53.720,North (40–45N) | West (130–138E),0,0,0.0,,0.0,0,0,0,0.0,0.0,0.0,86.05303030303031
2001-09-23 23:18:53.720,South (30–35N) | East (138–146E),4,5,4.7,155.275,1711748571134.335,1,1,2,12.233439974016617,1.6094379124341003,1.791759469228055,155.275
2001-09-23 23:18:53.720,South (30–35N) | West (130–138E),12,3,5.0,67.825,4803689560889.274,1,0,0,12.68157493329609,2.5649493574615367,1.3862943611198906,67.825
2001-10-23 23:18:53.720,Central (35–40N) | East (138–146E),9,9,5.6,64.01111111111112,18071078599462.277,1,0,0,13.256984074852872,2.302585092994046,2.302585092994046,64.01111111111112
2001-10-23 23:18:53.720,Central (35–40N) | West (130–138E),0,2,0.0,,0.0,0,0,0,0.0,0.0,1.0986122886681098,86.05303030303031
2001-10-23 23:18:53.720,North (40–45N) | East (138–146E),2,6,4.7,57.75,1209133018011.4116,1,1,1,12.082474080687946,1.0986122886681098,1.9459101490553132,57.75
2001-10-23 23:18:53.720,North (40–45N) | West (130–138E),0,0,0.0,,0.0,0,0,0,0.0,0.0,0.0,86.05303030303031
2001-10-23 23:18:53.720,South (30–35N) | East (138–146E),11,4,5.9,81.8,50792903542579.78,1,1,1,13.705803039693693,2.4849066497880004,1.6094379124341003,81.8
2001-10-23 23:18:53.720,South (30–35N) | West (130–138E),6,12,4.7,133.71666666666667,1280097450339.7324,1,0,0,12.107243032565261,1.9459101490553132,2.5649493574615367,133.71666666666667
2001-11-22 23:18:53.720,Central (35–40N) | East (138–146E),6,9,4.9,68.18333333333334,2948743394789.4116,1,1,2,12.469636981071512,1.9459101490553132,2.302585092994046,68.18333333333334
2001-11-22 23:18:53.720,Central (35–40N) | West (130–138E),2,0,4.1,201.25,152220828261.39383,0,0,0,11.18247408069044,1.0986122886681098,0.0,201.25
2001-11-22 23:18:53.720,North (40–45N) | East (138–146E),8,2,5.3,84.275,12919803929493.258,1,0,0,13.111255922870765,2.1972245773362196,1.0986122886681098,84.275
2001-11-22 23:18:53.720,North (40–45N) | West (130–138E),0,0,0.0,,0.0,0,0,0,0.0,0.0,0.0,86.05303030303031
2001-11-22 23:18:53.720,South (30–35N) | East (138–146E),6,11,5.0,109.96666666666665,4516179178278.089,1,1,1,12.65477116411967,1.9459101490553132,2.4849066497880004,109.96666666666665
2001-11-22 23:18:53.720,South (30–35N) | West (130–138E),5,6,5.3,182.12,6646239853094.485,1,0,0,12.822576010279466,1.791759469228055,1.9459101490553132,182.12
2001-12-22 23:18:53.720,Central (35–40N) | East (138–146E),19,6,6.5,63.26315789473684,363810987082178.7,1,0,0,14.560875810607373,2.995732273553991,1.9459101490553132,63.26315789473684
2001-12-22 23:18:53.720,Central (35–40N) | West (130–138E),1,2,4.1,395.8,89125093813.3744,0,0,0,10.950000000004872,0.6931471805599453,1.0986122886681098,395.8
2001-12-22 23:18:53.720,North (40–45N) | East (138–146E),5,8,4.9,109.58000000000001,2249068037035.02,1,0,0,12.352002593569189,1.791759469228055,2.1972245773362196,109.58000000000001
2001-12-22 23:18:53.720,North (40–45N) | West (130–138E),2,0,4.4,413.20000000000005,295857002366.0544,0,0,0,11.471081852651,1.0986122886681098,0.0,413.20000000000005
2001-12-22 23:18:53.720,South (30–35N) | East (138–146E),5,6,5.1,107.75999999999999,4696889616043.103,1,0,0,12.671810353730992,1.791759469228055,1.9459101490553132,107.75999999999999
2001-12-22 23:18:53.720,South (30–35N) | West (130–138E),7,5,5.0,264.7714285714286,3154089279291.67,1,0,0,12.498873982257116,2.0794415416798357,1.791759469228055,264.7714285714286
2002-01-21 23:18:53.720,Central (35–40N) | East (138–146E),3,19,4.6,77.0,841500970591.6041,1,1,1,11.925054621230165,1.3862943611198906,2.995732273553991,77.0
2002-01-21 23:18:53.720,Central (35–40N) | West (130–138E),2,1,4.5,135.29999999999998,709626778467.1521,1,0,0,11.851029995664595,1.0986122886681098,0.6931471805599453,135.29999999999998
2002-01-21 23:18:53.720,North (40–45N) | East (138–146E),3,5,4.7,71.46666666666667,841739237412.6108,1,0,0,11.9251775721504,1.3862943611198906,1.791759469228055,71.46666666666667
2002-01-21 23:18:53.720,North (40–45N) | West (130–138E),0,2,0.0,,0.0,0,0,0,0.0,0.0,1.0986122886681098,86.05303030303031
2002-01-21 23:18:53.720,South (30–35N) | East (138–146E),5,5,4.9,58.02,2272677515064.1006,1,0,0,12.356537815239358,1.791759469228055,1.791759469228055,58.02
2002-01-21 23:18:53.720,South (30–35N) | West (130–138E),4,7,4.7,365.77500000000003,1653071501058.3623,1,0,0,12.218291638716007,1.6094379124341003,2.0794415416798357,365.77500000000003
2002-02-20 23:18:53.720,Central (35–40N) | East (138–146E),14,3,5.6,48.56428571428571,34519945770953.785,1,0,0,13.538070104789591,2.70805020110221,1.3862943611198906,48.56428571428571
2002-02-20 23:18:53.720,Central (35–40N) | West (130–138E),2,2,4.2,207.3,251785082358.83426,0,0,0,11.401029995665708,1.0986122886681098,1.0986122886681098,207.3
2002-02-20 23:18:53.720,North (40–45N) | East (138–146E),5,3,5.5,42.12,12166152752468.084,1,0,0,13.085153264957576,1.791759469228055,1.3862943611198906,42.12
2002-02-20 23:18:53.720,North (40–45N) | West (130–138E),0,0,0.0,,0.0,0,0,0,0.0,0.0,0.0,86.05303030303031
2002-02-20 23:18:53.720,South (30–35N) | East (138–146E),4,5,4.9,33.0,2747563103813.584,1,0,0,12.438947675735653,1.6094379124341003,1.791759469228055,33.0
2002-02-20 23:18:53.720,South (30–35N) | West (130–138E),6,4,4.3,306.7,597213428699.3707,0,0,0,11.776129564533399,1.9459101490553132,1.6094379124341003,306.7
2002-03-22 23:18:53.720,Central (35–40N) | East (138–146E),10,14,4.8,54.25,2869327233244.0303,1,0,0,12.457780080308911,2.3978952727983707,2.70805020110221,54.25
2002-03-22 23:18:53.720,Central (35–40N) | West (130–138E),0,2,0.0,,0.0,0,0,0,0.0,0.0,1.0986122886681098,86.05303030303031
2002-03-22 23:18:53.720,North (40–45N) | East (138–146E),8,5,4.7,98.30000000000001,2519459636256.1143,1,1,1,12.401307405005253,2.1972245773362196,1.791759469228055,98.30000000000001
2002-03-22 23:18:53.720,North (40–45N) | West (130–138E),0,0,0.0,,0.0,0,0,0,0.0,0.0,0.0,86.05303030303031
2002-03-22 23:18:53.720,South (30–35N) | East (138–146E),16,4,5.9,90.24375,80712896000754.4,1,0,0,13.906942930193155,2.833213344056216,1.6094379124341003,90.24375
2002-03-22 23:18:53.720,South (30–35N) | West (130–138E),5,6,4.6,173.18,983157903437.3296,1,0,0,11.99262327478499,1.791759469228055,1.9459101490553132,173.18
2002-04-21 23:18:53.720,Central (35–40N) | East (138–146E),14,10,5.3,65.69285714285714,7808057167565.394,1,0,0,12.89254298440604,2.70805020110221,2.3978952727983707,65.69285714285714
2002-04-21 23:18:53.720,Central (35–40N) | West (130–138E),0,0,0.0,,0.0,0,0,0,0.0,0.0,0.0,86.05303030303031
2002-04-21 23:18:53.720,North (40–45N) | East (138–146E),6,8,5.7,100.95,25978042884499.02,1,0,0,13.414606429397583,1.9459101490553132,2.1972245773362196,100.95
2002-04-21 23:18:53.720,North (40–45N) | West (130–138E),0,0,0.0,,0.0,0,0,0,0.0,0.0,0.0,86.05303030303031
2002-04-21 23:18:53.720,South (30–35N) | East (138–146E),12,16,5.1,35.94166666666667,6583001322666.827,1,0,0,12.818423942351274,2.5649493574615367,2.833213344056216,35.94166666666667
2002-04-21 23:18:53.720,South (30–35N) | West (130–138E),5,5,4.6,196.42000000000002,1065873587089.2802,1,0,0,12.027705700295988,1.791759469228055,1.791759469228055,196.42000000000002
2002-05-21 23:18:53.720,Central (35–40N) | East (138–146E),8,14,5.4,53.25,13079752442856.477,1,0,0,13.116599524285009,2.1972245773362196,2.70805020110221,53.25
2002-05-21 23:18:53.720,Central (35–40N) | West (130–138E),1,0,3.8,363.8,31622776601.683792,0,0,0,10.500000000013733,0.6931471805599453,0.0,363.8
2002-05-21 23:18:53.720,North (40–45N) | East (138–146E),8,6,4.8,105.41249999999998,2271412921670.952,1,1,1,12.356296092080754,2.1972245773362196,1.9459101490553132,105.41249999999998
2002-05-21 23:18:53.720,North (40–45N) | West (130–138E),1,0,3.8,312.7,31622776601.683792,0,0,0,10.500000000013733,0.6931471805599453,0.0,312.7
2002-05-21 23:18:53.720,South (30–35N) | East (138–146E),10,12,4.6,68.05999999999999,1426349796143.7412,1,0,0,12.154226044384197,2.3978952727983707,2.5649493574615367,68.05999999999999
2002-05-21 23:18:53.720,South (30–35N) | West (130–138E),6,5,4.4,187.8166666666667,782485918057.6963,0,0,0,11.89347653054509,1.9459101490553132,1.791759469228055,187.8166666666667
2002-06-20 23:18:53.720,Central (35–40N) | East (138–146E),11,8,5.3,42.58181818181818,9772214749679.914,1,0,0,12.989993002261349,2.4849066497880004,2.1972245773362196,42.58181818181818
2002-06-20 23:18:53.720,Central (35–40N) | West (130–138E),1,1,4.0,400.0,63095734448.019424,0,0,0,10.800000000006884,0.6931471805599453,0.6931471805599453,400.0
2002-06-20 23:18:53.720,North (40–45N) | East (138–146E),10,8,5.1,90.55,5837138972528.543,1,0,0,12.766200033259489,2.3978952727983707,2.1972245773362196,90.55
2002-06-20 23:18:53.720,North (40–45N) | West (130–138E),0,1,0.0,,0.0,0,1,1,0.0,0.0,0.6931471805599453,86.05303030303031
2002-06-20 23:18:53.720,South (30–35N) | East (138–146E),10,10,4.8,30.330000000000002,3865121600006.8745,1,0,0,12.58716316174249,2.3978952727983707,2.3978952727983707,30.330000000000002
2002-06-20 23:18:53.720,South (30–35N) | West (130–138E),8,6,4.5,188.14999999999998,1283703213830.288,1,0,0,12.108464628488356,2.1972245773362196,1.9459101490553132,188.14999999999998
2002-07-20 23:18:53.720,Central (35–40N) | East (138–146E),14,11,4.9,40.864285714285714,5344835576101.319,1,1,1,12.727934349490575,2.70805020110221,2.4849066497880004,40.864285714285714
2002-07-20 23:18:53.720,Central (35–40N) | West (130–138E),6,1,4.6,258.8333333333333,1082450067013.4767,1,0,0,12.034407871657972,1.9459101490553132,0.6931471805599453,258.8333333333333
2002-07-20 23:18:53.720,North (40–45N) | East (138–146E),13,10,4.8,131.90769230769232,2952806630308.1787,1,1,1,12.470235007364876,2.6390573296152584,2.3978952727983707,131.90769230769232
2002-07-20 23:18:53.720,North (40–45N) | West (130–138E),1,0,7.3,566.0,5623413251903491.0,1,0,0,15.75,0.6931471805599453,0.0,566.0
2002-07-20 23:18:53.720,South (30–35N) | East (138–146E),12,10,5.0,107.85833333333333,4153101605145.085,1,0,0,12.618372556203665,2.5649493574615367,2.3978952727983707,107.85833333333333
2002-07-20 23:18:53.720,South (30–35N) | West (130–138E),8,8,5.5,146.075,13089637924330.47,1,0,0,13.116927633591269,2.1972245773362196,2.1972245773362196,146.075
2002-08-19 23:18:53.720,Central (35–40N) | East (138–146E),10,14,5.7,52.220000000000006,23281588337096.332,1,0,0,13.367012605810581,2.3978952727983707,2.70805020110221,52.220000000000006
2002-08-19 23:18:53.720,Central (35–40N) | West (130–138E),1,6,4.4,22.5,251188643150.95822,0,0,0,11.400000000001729,0.6931471805599453,1.9459101490553132,22.5
2002-08-19 23:18:53.720,North (40–45N) | East (138–146E),11,13,5.2,91.42727272727274,8371054374777.314,1,0,0,12.922780162928616,2.4849066497880004,2.6390573296152584,91.42727272727274
2002-08-19 23:18:53.720,North (40–45N) | West (130–138E),0,1,0.0,,0.0,0,0,0,0.0,0.0,0.6931471805599453,86.05303030303031
2002-08-19 23:18:53.720,South (30–35N) | East (138–146E),10,12,4.6,165.72,1791463029106.9453,1,1,1,12.253207849945564,2.3978952727983707,2.5649493574615367,165.72
2002-08-19 23:18:53.720,South (30–35N) | West (130–138E),3,8,4.2,39.93333333333334,220611052229.12036,0,0,0,11.34362726604759,1.3862943611198906,2.1972245773362196,39.93333333333334
2002-09-18 23:18:53.720,Central (35–40N) | East (138–146E),8,10,4.5,96.2625,1808583622228.7646,1,0,0,12.257338593735385,2.1972245773362196,2.3978952727983707,96.2625
2002-09-18 23:18:53.720,Central (35–40N) | West (130–138E),3,1,5.3,113.06666666666668,5812401527530.928,1,0,0,12.764355608235771,1.3862943611198906,0.6931471805599453,113.06666666666668
2002-09-18 23:18:53.720,North (40–45N) | East (138–146E),14,11,4.6,76.0142857142857,2260415046134.48,1,0,0,12.354188189455742,2.70805020110221,2.4849066497880004,76.0142857142857
2002-09-18 23:18:53.720,North (40–45N) | West (130–138E),2,0,4.2,544.0,131515954431.32062,0,0,0,11.118978441051038,1.0986122886681098,0.0,544.0
2002-09-18 23:18:53.720,South (30–35N) | East (138–146E),26,10,6.3,82.11538461538461,200234190521229.94,1,0,0,14.301538236414526,3.295836866004329,2.3978952727983707,82.11538461538461
2002-09-18 23:18:53.720,South (30–35N) | West (130–138E),1,3,4.2,10.0,125892541179.41713,0,0,0,11.100000000003451,0.6931471805599453,1.3862943611198906,10.0
2002-10-18 23:18:53.720,Central (35–40N) | East (138–146E),8,8,5.5,62.6625,14980149514778.078,1,1,1,13.175516148017618,2.1972245773362196,2.1972245773362196,62.6625
2002-10-18 23:18:53.720,Central (35–40N) | West (130–138E),1,3,3.6,420.7,15848931924.611109,0,0,0,10.200000000027401,0.6931471805599453,1.3862943611198906,420.7
2002-10-18 23:18:53.720,North (40–45N) | East (138–146E),5,14,6.1,63.0,89648828908578.95,1,0,0,13.952544620703964,1.791759469228055,2.70805020110221,63.0
2002-10-18 23:18:53.720,North (40–45N) | West (130–138E),0,2,0.0,,0.0,0,0,0,0.0,0.0,1.0986122886681098,86.05303030303031
2002-10-18 23:18:53.720,South (30–35N) | East (138–146E),7,26,4.8,91.62857142857142,2348709380671.5938,1,0,0,12.370829282346563,2.0794415416798357,3.295836866004329,91.62857142857142
2002-10-18 23:18:53.720,South (30–35N) | West (130–138E),10,1,4.8,227.39000000000001,5273977611228.271,1,0,0,12.722138281820666,2.3978952727983707,0.6931471805599453,227.39000000000001
2002-11-17 23:18:53.720,Central (35–40N) | East (138–146E),9,8,6.4,44.611111111111114,267773050196528.6,1,0,0,14.427766865656224,2.302585092994046,2.1972245773362196,44.611111111111114
2002-11-17 23:18:53.720,Central (35–40N) | West (130–138E),3,1,4.6,212.53333333333333,601532511983.6655,1,0,0,11.779259105315019,1.3862943611198906,0.6931471805599453,212.53333333333333
2002-11-17 23:18:53.720,North (40–45N) | East (138–146E),12,5,4.6,98.47500000000001,2788330042594.338,1,1,2,12.445344178032357,2.5649493574615367,1.791759469228055,98.47500000000001
2002-11-17 23:18:53.720,North (40–45N) | West (130–138E),1,0,4.2,567.7,125892541179.41713,0,0,0,11.100000000003451,0.6931471805599453,0.0,567.7
2002-11-17 23:18:53.720,South (30–35N) | East (138–146E),12,7,4.8,42.71666666666667,4727381051821.01,1,0,0,12.67462061013744,2.5649493574615367,2.0794415416798357,42.71666666666667
2002-11-17 23:18:53.720,South (30–35N) | West (130–138E),4,10,5.4,226.3,8784783317834.458,1,0,0,12.943731053818913,1.6094379124341003,2.3978952727983707,226.3
2002-12-17 23:18:53.720,Central (35–40N) | East (138–146E),9,9,5.4,61.56666666666667,11165500849284.41,1,0,0,13.047878208930278,2.302585092994046,2.302585092994046,61.56666666666667
2002-12-17 23:18:53.720,Central (35–40N) | West (130–138E),5,3,4.8,261.30000000000007,2241945847287.7407,1,0,0,12.350625118291198,1.791759469228055,1.3862943611198906,261.30000000000007
2002-12-17 23:18:53.720,North (40–45N) | East (138–146E),11,12,5.4,76.12727272727274,19750558816551.742,1,1,1,13.295579387937766,2.4849066497880004,2.5649493574615367,76.12727272727274
2002-12-17 23:18:53.720,North (40–45N) | West (130–138E),0,1,0.0,,0.0,0,0,0,0.0,0.0,0.6931471805599453,86.05303030303031
2002-12-17 23:18:53.720,South (30–35N) | East (138–146E),17,12,5.5,83.28235294117647,20267620988366.54,1,0,0,13.30680277423519,2.8903717578961645,2.5649493574615367,83.28235294117647
2002-12-17 23:18:53.720,South (30–35N) | West (130–138E),5,4,4.1,215.95999999999998,304653281139.6056,0,0,0,11.483805859872554,1.791759469228055,1.6094379124341003,215.95999999999998
2003-01-16 23:18:53.720,Central (35–40N) | East (138–146E),10,9,5.2,56.0,6579776660919.545,1,1,1,12.81821115249299,2.3978952727983707,2.302585092994046,56.0
2003-01-16 23:18:53.720,Central (35–40N) | West (130–138E),0,5,0.0,,0.0,0,0,0,0.0,0.0,1.791759469228055,86.05303030303031
2003-01-16 23:18:53.720,North (40–45N) | East (138–146E),10,11,5.0,93.13,6451361984106.381,1,0,0,12.809651410719015,2.3978952727983707,2.4849066497880004,93.13
2003-01-16 23:18:53.720,North (40–45N) | West (130–138E),1,0,4.5,542.7,354813389233.57605,1,0,0,11.550000000001225,0.6931471805599453,0.0,542.7
2003-01-16 23:18:53.720,South (30–35N) | East (138–146E),12,17,4.9,72.58333333333333,3458686906476.1562,1,0,0,12.538911249801703,2.5649493574615367,2.8903717578961645,72.58333333333333
2003-01-16 23:18:53.720,South (30–35N) | West (130–138E),2,5,4.0,339.05,107764093663.1156,0,1,1,11.032474080691616,1.0986122886681098,1.791759469228055,339.05
2003-02-15 23:18:53.720,Central (35–40N) | East (138–146E),14,10,5.3,64.89285714285715,7107532079006.792,1,1,1,12.851718828503827,2.70805020110221,2.3978952727983707,64.89285714285715
2003-02-15 23:18:53.720,Central (35–40N) | West (130–138E),3,0,4.4,306.8,502973725509.7925,0,0,0,11.70154529884576,1.3862943611198906,0.0,306.8
2003-02-15 23:18:53.720,North (40–45N) | East (138–146E),9,10,4.9,65.42222222222222,3712854433842.496,1,1,1,12.56970792261216,2.302585092994046,2.3978952727983707,65.42222222222222
2003-02-15 23:18:53.720,North (40–45N) | West (130–138E),1,1,4.2,433.6,125892541179.41713,0,0,0,11.100000000003451,0.6931471805599453,0.6931471805599453,433.6
2003-02-15 23:18:53.720,South (30–35N) | East (138–146E),8,12,4.9,136.6125,2519317926658.576,1,0,0,12.401282976978617,2.1972245773362196,2.5649493574615367,136.6125
2003-02-15 23:18:53.720,South (30–35N) | West (130–138E),13,2,5.5,192.04615384615383,14230501825145.588,1,0,0,13.15322021533722,2.6390573296152584,1.0986122886681098,192.04615384615383
2003-03-17 23:18:53.720,Central (35–40N) | East (138–146E),8,14,5.8,51.675,40214145057079.07,1,0,0,13.604378840141898,2.1972245773362196,2.70805020110221,51.675
2003-03-17 23:18:53.720,Central (35–40N) | West (130–138E),1,3,4.1,42.6,89125093813.3744,0,0,0,10.950000000004872,0.6931471805599453,1.3862943611198906,42.6
2003-03-17 23:18:53.720,North (40–45N) | East (138–146E),11,9,5.9,103.35454545454544,49860034544713.67,1,0,0,13.697752575061733,2.4849066497880004,2.302585092994046,103.35454545454544
2003-03-17 23:18:53.720,North (40–45N) | West (130–138E),1,1,4.6,364.4,501187233627.2715,1,1,1,11.700000000000866,0.6931471805599453,0.6931471805599453,364.4
2003-03-17 23:18:53.720,South (30–35N) | East (138–146E),9,8,4.7,45.18888888888889,2073694149654.99,1,0,0,12.316744702433093,2.302585092994046,2.1972245773362196,45.18888888888889
2003-03-17 23:18:53.720,South (30–35N) | West (130–138E),4,13,4.2,219.72500000000002,341209103888.8304,0,0,0,11.533020610175353,1.6094379124341003,2.6390573296152584,219.72500000000002
2003-04-16 23:18:53.720,Central (35–40N) | East (138–146E),11,8,5.8,46.68181818181818,34030779484600.016,1,0,0,13.53187189684732,2.4849066497880004,2.1972245773362196,46.68181818181818
2003-04-16 23:18:53.720,Central (35–40N) | West (130–138E),2,1,4.1,200.5,133793453028.47058,0,0,0,11.12643486243973,1.0986122886681098,0.6931471805599453,200.5
2003-04-16 23:18:53.720,North (40–45N) | East (138–146E),9,11,5.4,83.36666666666666,9584293074424.494,1,0,0,12.981560085372838,2.302585092994046,2.4849066497880004,83.36666666666666
2003-04-16 23:18:53.720,North (40–45N) | West (130–138E),1,1,5.2,368.7,3981071705534.9854,1,0,0,12.60000000000011,0.6931471805599453,0.6931471805599453,368.7
2003-04-16 23:18:53.720,South (30–35N) | East (138–146E),8,9,4.6,141.475,1563990822131.0474,1,0,0,12.194234200188598,2.1972245773362196,2.302585092994046,141.475
2003-04-16 23:18:53.720,South (30–35N) | West (130–138E),7,4,4.4,86.31428571428572,973810560545.4197,0,0,0,11.988474479967698,2.0794415416798357,1.6094379124341003,86.31428571428572
2003-05-16 23:18:53.720,Central (35–40N) | East (138–146E),12,11,5.3,61.300000000000004,10192108208736.068,1,1,2,13.008264025882948,2.5649493574615367,2.4849066497880004,61.300000000000004
2003-05-16 23:18:53.720,Central (35–40N) | West (130–138E),0,2,0.0,,0.0,0,0,0,0.0,0.0,1.0986122886681098,86.05303030303031
2003-05-16 23:18:53.720,North (40–45N) | East (138–146E),11,9,4.6,69.65454545454544,2790993026160.9526,1,0,0,12.44575875132089,2.4849066497880004,2.302585092994046,69.65454545454544
2003-05-16 23:18:53.720,North (40–45N) | West (130–138E),1,1,4.5,328.3,354813389233.57605,1,0,0,11.550000000001225,0.6931471805599453,0.6931471805599453,328.3
2003-05-16 23:18:53.720,South (30–35N) | East (138–146E),13,8,4.8,75.2923076923077,3769247489009.9185,1,0,0,12.576254654186942,2.6390573296152584,2.1972245773362196,75.2923076923077
2003-05-16 23:18:53.720,South (30–35N) | West (130–138E),4,7,4.4,351.6,407369307565.1123,0,0,0,11.609988304838899,1.6094379124341003,2.0794415416798357,351.6
2003-06-15 23:18:53.720,Central (35–40N) | East (138–146E),37,12,7.0,64.5837837837838,2015572702156307.0,1,0,0,15.304398467870294,3.6375861597263857,2.5649493574615367,64.5837837837838
2003-06-15 23:18:53.720,Central (35–40N) | West (130–138E),3,0,4.5,119.7,613945314731.7771,1,0,0,11.788129689435188,1.3862943611198906,0.0,119.7
2003-06-15 23:18:53.720,North (40–45N) | East (138–146E),6,11,4.6,100.73333333333333,1319420598531.7478,1,1,1,12.120383259916691,1.9459101490553132,2.4849066497880004,100.73333333333333
2003-06-15 23:18:53.720,North (40–45N) | West (130–138E),0,1,0.0,,0.0,0,0,0,0.0,0.0,0.6931471805599453,86.05303030303031
2003-06-15 23:18:53.720,South (30–35N) | East (138–146E),8,13,4.7,89.6625,1671080062790.3418,1,0,0,12.222997257790173,2.1972245773362196,2.6390573296152584,89.6625
2003-06-15 23:18:53.720,South (30–35N) | West (130–138E),6,4,4.8,271.70000000000005,2408666327818.378,1,0,0,12.381776641416499,1.9459101490553132,1.6094379124341003,271.70000000000005
2003-07-15 23:18:53.720,Central (35–40N) | East (138–146E),7,37,4.8,61.3142857142857,2150646190019.7556,1,1,5,12.332568969029811,2.0794415416798357,3.6375861597263857,61.3142857142857
2003-07-15 23:18:53.720,Central (35–40N) | West (130–138E),2,3,4.8,372.35,1044668359215.0962,1,0,0,12.01897844104815,1.0986122886681098,1.3862943611198906,372.35
2003-07-15 23:18:53.720,North (40–45N) | East (138–146E),13,6,5.9,103.02307692307691,58309991520839.25,1,0,0,13.765742978268024,2.6390573296152584,1.9459101490553132,103.02307692307691
2003-07-15 23:18:53.720,North (40–45N) | West (130–138E),0,0,0.0,,0.0,0,0,0,0.0,0.0,0.0,86.05303030303031
2003-07-15 23:18:53.720,South (30–35N) | East (138–146E),5,8,4.7,109.66,1691148417387.934,1,1,1,12.22818172352,1.791759469228055,2.1972245773362196,109.66
2003-07-15 23:18:53.720,South (30–35N) | West (130–138E),3,6,5.1,128.73333333333332,3247399515419.2993,1,0,0,12.511535721539168,1.3862943611198906,1.9459101490553132,128.73333333333332
2003-08-14 23:18:53.720,Central (35–40N) | East (138–146E),29,7,6.1,26.931034482758616,118346021921866.7,1,1,1,14.073153664154262,3.4011973816621555,2.0794415416798357,26.931034482758616
2003-08-14 23:18:53.720,Central (35–40N) | West (130–138E),2,2,4.5,326.1,443938483046.95044,1,0,0,11.647322793709675,1.0986122886681098,1.0986122886681098,326.1
2003-08-14 23:18:53.720,North (40–45N) | East (138–146E),6,13,4.6,92.43333333333334,1319420598531.7478,1,0,0,12.120383259916691,1.9459101490553132,2.6390573296152584,92.43333333333334
2003-08-14 23:18:53.720,North (40–45N) | West (130–138E),0,0,0.0,,0.0,0,0,0,0.0,0.0,0.0,86.05303030303031
2003-08-14 23:18:53.720,South (30–35N) | East (138–146E),6,5,5.1,231.03333333333333,6951646679335.752,1,0,0,12.842087690783275,1.9459101490553132,1.791759469228055,231.03333333333333
2003-08-14 23:18:53.720,South (30–35N) | West (130–138E),11,3,4.6,180.98181818181817,2311726027730.0444,1,0,0,12.363936362752382,2.4849066497880004,1.3862943611198906,180.98181818181817
2003-09-13 23:18:53.720,Central (35–40N) | East (138–146E),5,29,5.0,54.7,3664023520971.1333,1,0,0,12.563958252931299,1.791759469228055,3.4011973816621555,54.7
2003-09-13 23:18:53.720,Central (35–40N) | West (130–138E),2,2,4.4,14.3,377081184330.37537,0,1,1,11.576434862437639,1.0986122886681098,1.0986122886681098,14.3
2003-09-13 23:18:53.720,North (40–45N) | East (138–146E),7,6,5.5,72.12857142857142,13417341395619.041,1,1,18,13.127666470259491,2.0794415416798357,1.9459101490553132,72.12857142857142
2003-09-13 23:18:53.720,North (40–45N) | West (130–138E),2,0,6.2,462.6,126070369120421.03,1,0,0,14.10061302440298,1.0986122886681098,0.0,462.6
2003-09-13 23:18:53.720,South (30–35N) | East (138–146E),8,6,5.0,169.55,3990348359081.545,1,1,1,12.601010811431916,2.1972245773362196,1.9459101490553132,169.55
2003-09-13 23:18:53.720,South (30–35N) | West (130–138E),4,11,4.6,373.575,816068050434.1251,1,0,0,11.91172637529333,1.6094379124341003,2.4849066497880004,373.575
2003-10-13 23:18:53.720,Central (35–40N) | East (138–146E),8,5,4.8,36.2625,2780856660937.6094,1,1,1,12.444178603762488,2.1972245773362196,1.791759469228055,36.2625
2003-10-13 23:18:53.720,Central (35–40N) | West (130–138E),8,2,5.4,188.2625,11930129788174.723,1,0,0,13.076645168396404,2.1972245773362196,1.0986122886681098,188.2625
2003-10-13 23:18:53.720,North (40–45N) | East (138–146E),150,7,8.16,38.495333333333335,1.1920032208643317e+17,1,1,3,17.07627742889559,5.017279836814924,2.0794415416798357,38.495333333333335
2003-10-13 23:18:53.720,North (40–45N) | West (130–138E),0,2,0.0,,0.0,0,0,0,0.0,0.0,1.0986122886681098,86.05303030303031
2003-10-13 23:18:53.720,South (30–35N) | East (138–146E),6,8,5.7,96.86666666666667,23746779347520.87,1,0,0,13.375604716847407,1.9459101490553132,2.1972245773362196,96.86666666666667
2003-10-13 23:18:53.720,South (30–35N) | West (130–138E),2,4,4.6,373.8,856000622860.8475,1,0,0,11.932474080688094,1.0986122886681098,1.6094379124341003,373.8
2003-11-12 23:18:53.720,Central (35–40N) | East (138–146E),46,8,7.0,26.717391304347824,2082730461462129.2,1,1,4,15.318633068952073,3.8501476017100584,2.1972245773362196,26.717391304347824
2003-11-12 23:18:53.720,Central (35–40N) | West (130–138E),1,8,4.1,424.0,89125093813.3744,0,0,0,10.950000000004872,0.6931471805599453,2.1972245773362196,424.0
2003-11-12 23:18:53.720,North (40–45N) | East (138–146E),36,150,5.3,39.05833333333333,28940390206755.824,1,1,3,13.461504382467153,3.6109179126442243,5.017279836814924,39.05833333333333
2003-11-12 23:18:53.720,North (40–45N) | West (130–138E),0,0,0.0,,0.0,0,0,0,0.0,0.0,0.0,86.05303030303031
2003-11-12 23:18:53.720,South (30–35N) | East (138–146E),6,6,4.5,205.76666666666665,1176675549385.1104,1,0,0,12.070656729168,1.9459101490553132,1.9459101490553132,205.76666666666665
2003-11-12 23:18:53.720,South (30–35N) | West (130–138E),4,2,6.4,368.57500000000005,252210873312942.38,1,0,0,14.401763805940544,1.6094379124341003,1.0986122886681098,368.57500000000005
2003-12-12 23:18:53.720,Central (35–40N) | East (138–146E),13,46,5.7,46.52307692307692,35095343190272.438,1,0,0,13.545249493647027,2.6390573296152584,3.8501476017100584,46.52307692307692
2003-12-12 23:18:53.720,Central (35–40N) | West (130–138E),0,1,0.0,,0.0,0,0,0,0.0,0.0,0.6931471805599453,86.05303030303031
2003-12-12 23:18:53.720,North (40–45N) | East (138–146E),19,36,5.9,53.8,65650260760466.8,1,1,2,13.817236455430942,2.995732273553991,3.6109179126442243,53.8
2003-12-12 23:18:53.720,North (40–45N) | West (130–138E),0,0,0.0,,0.0,0,0,0,0.0,0.0,0.0,86.05303030303031
2003-12-12 23:18:53.720,South (30–35N) | East (138–146E),4,6,4.7,133.65,1512853500194.7212,1,0,0,12.179796874396569,1.6094379124341003,1.9459101490553132,133.65
2003-12-12 23:18:53.720,South (30–35N) | West (130–138E),9,4,4.6,137.35555555555553,2282112336428.5454,1,0,0,12.358337018649541,2.302585092994046,1.6094379124341003,137.35555555555553
2004-01-11 23:18:53.720,Central (35–40N) | East (138–146E),9,13,4.8,61.400000000000006,3213405363637.4717,1,1,1,12.506965514249593,2.302585092994046,2.6390573296152584,61.400000000000006
2004-01-11 23:18:53.720,Central (35–40N) | West (130–138E),3,0,4.5,136.0,658533871416.8855,1,0,0,11.818578117629723,1.3862943611198906,0.0,136.0
2004-01-11 23:18:53.720,North (40–45N) | East (138–146E),21,19,6.1,68.33333333333333,113096482688350.98,1,1,3,14.053449098534712,3.091042453358316,2.995732273553991,68.33333333333333
2004-01-11 23:18:53.720,North (40–45N) | West (130–138E),0,0,0.0,,0.0,0,0,0,0.0,0.0,0.0,86.05303030303031
2004-01-11 23:18:53.720,South (30–35N) | East (138–146E),9,4,4.8,99.27777777777777,2750661058865.722,1,0,0,12.439437079181893,2.302585092994046,1.6094379124341003,99.27777777777777
2004-01-11 23:18:53.720,South (30–35N) | West (130–138E),9,9,5.3,118.90000000000002,12317366033485.16,1,0,0,13.090517847485684,2.302585092994046,2.302585092994046,118.90000000000002
2004-02-10 23:18:53.720,Central (35–40N) | East (138–146E),11,9,5.3,69.63636363636364,9283976863855.07,1,0,0,12.967734049501226,2.4849066497880004,2.302585092994046,69.63636363636364
2004-02-10 23:18:53.720,Central (35–40N) | West (130–138E),0,3,0.0,,0.0,0,0,0,0.0,0.0,1.3862943611198906,86.05303030303031
2004-02-10 23:18:53.720,North (40–45N) | East (138–146E),14,21,5.2,48.535714285714285,16933551173365.408,1,1,1,13.228748044539598,2.70805020110221,3.091042453358316,48.535714285714285
2004-02-10 23:18:53.720,North (40–45N) | West (130–138E),1,0,4.2,458.8,125892541179.41713,0,0,0,11.100000000003451,0.6931471805599453,0.0,458.8
2004-02-10 23:18:53.720,South (30–35N) | East (138–146E),7,9,5.5,100.34285714285714,17366672478184.791,1,0,0,13.239716613910588,2.0794415416798357,2.302585092994046,100.34285714285714
2004-02-10 23:18:53.720,South (30–35N) | West (130–138E),5,9,4.5,319.76,1124143710352.7593,1,0,0,12.05082183491992,1.791759469228055,2.302585092994046,319.76
2004-03-11 23:18:53.720,Central (35–40N) | East (138–146E),12,11,5.4,77.49166666666667,10634517276535.994,1,0,0,13.026717781131621,2.5649493574615367,2.4849066497880004,77.49166666666667
2004-03-11 23:18:53.720,Central (35–40N) | West (130–138E),3,0,4.6,322.8,710637951232.8475,1,0,0,11.851648397033589,1.3862943611198906,0.0,322.8
2004-03-11 23:18:53.720,North (40–45N) | East (138–146E),16,14,5.5,73.0375,16014314845709.139,1,1,2,13.204508362600677,2.833213344056216,2.70805020110221,73.0375
2004-03-11 23:18:53.720,North (40–45N) | West (130–138E),1,1,4.6,436.1,501187233627.2715,1,0,0,11.700000000000866,0.6931471805599453,0.6931471805599453,436.1
2004-03-11 23:18:53.720,South (30–35N) | East (138–146E),5,7,4.5,186.85999999999999,1109951019690.033,1,0,0,12.04530381450986,1.791759469228055,2.0794415416798357,186.85999999999999
2004-03-11 23:18:53.720,South (30–35N) | West (130–138E),4,5,4.8,337.8,2251785082358.834,1,0,0,12.352526937689404,1.6094379124341003,1.791759469228055,337.8
2004-04-10 23:18:53.720,Central (35–40N) | East (138–146E),14,12,6.0,50.72857142857144,67570203399767.06,1,0,0,13.829755226239818,2.70805020110221,2.5649493574615367,50.72857142857144
2004-04-10 23:18:53.720,Central (35–40N) | West (130–138E),4,3,4.3,343.4,481970669810.05817,0,0,0,11.683020610174982,1.6094379124341003,1.3862943611198906,343.4
2004-04-10 23:18:53.720,North (40–45N) | East (138–146E),20,16,5.8,66.535,42727944268834.766,1,1,1,13.63071199849991,3.044522437723423,2.833213344056216,66.535
2004-04-10 23:18:53.720,North (40–45N) | West (130–138E),0,1,0.0,,0.0,0,0,0,0.0,0.0,0.6931471805599453,86.05303030303031
2004-04-10 23:18:53.720,South (30–35N) | East (138–146E),9,5,5.1,125.14444444444445,4865490060994.141,1,0,0,12.68712658973639,2.302585092994046,1.791759469228055,125.14444444444445
2004-04-10 23:18:53.720,South (30–35N) | West (130–138E),4,4,4.4,272.8,385088159735.6996,0,1,1,11.585560165623335,1.6094379124341003,1.6094379124341003,272.8
2004-05-10 23:18:53.720,Central (35–40N) | East (138–146E),16,14,4.9,54.68125,5864193056904.369,1,0,0,12.768208259410793,2.833213344056216,2.70805020110221,54.68125
2004-05-10 23:18:53.720,Central (35–40N) | West (130–138E),0,4,0.0,,0.0,0,0,0,0.0,0.0,1.6094379124341003,86.05303030303031
2004-05-10 23:18:53.720,North (40–45N) | East (138–146E),22,20,6.1,73.22727272727273,114918207685515.72,1,0,0,14.060388843926592,3.1354942159291497,3.044522437723423,73.22727272727273
2004-05-10 23:18:53.720,North (40–45N) | West (130–138E),1,0,3.8,354.4,31622776601.683792,0,1,1,10.500000000013733,0.6931471805599453,0.0,354.4
2004-05-10 23:18:53.720,South (30–35N) | East (138–146E),9,9,4.8,131.85555555555555,3238464071823.0425,1,1,1,12.510339083265745,2.302585092994046,2.302585092994046,131.85555555555555
2004-05-10 23:18:53.720,South (30–35N) | West (130–138E),11,4,5.2,214.1090909090909,6102771465166.543,1,0,0,12.785527106926116,2.4849066497880004,1.6094379124341003,214.1090909090909
2004-06-09 23:18:53.720,Central (35–40N) | East (138–146E),13,16,5.8,50.56153846153845,35704353464052.56,1,0,0,13.552721173259096,2.6390573296152584,2.833213344056216,50.56153846153845
2004-06-09 23:18:53.720,Central (35–40N) | West (130–138E),3,0,4.4,325.03333333333336,348257019311.57544,0,0,0,11.541899878629373,1.3862943611198906,0.0,325.03333333333336
2004-06-09 23:18:53.720,North (40–45N) | East (138–146E),16,22,4.9,78.1625,5030561962300.593,1,1,1,12.701616502649236,2.833213344056216,3.1354942159291497,78.1625
2004-06-09 23:18:53.720,North (40–45N) | West (130–138E),1,1,5.6,313.1,15848931924611.11,1,0,0,13.200000000000026,0.6931471805599453,0.6931471805599453,313.1
2004-06-09 23:18:53.720,South (30–35N) | East (138–146E),42,9,6.5,36.73809523809524,379312493832668.9,1,1,2,14.578997147773247,3.7612001156935624,2.302585092994046,36.73809523809524
2004-06-09 23:18:53.720,South (30–35N) | West (130–138E),2,11,4.6,10.0,679015174631.1638,1,0,0,11.831879480002701,1.0986122886681098,2.4849066497880004,10.0
2004-07-09 23:18:53.720,Central (35–40N) | East (138–146E),14,13,4.8,49.792857142857144,6901389125393.846,1,0,0,12.838936515197243,2.70805020110221,2.6390573296152584,49.792857142857144
2004-07-09 23:18:53.720,Central (35–40N) | West (130–138E),2,3,4.4,406.5,282811419752.642,0,0,0,11.451496942026766,1.0986122886681098,1.3862943611198906,406.5
2004-07-09 23:18:53.720,North (40–45N) | East (138–146E),16,16,5.8,62.993750000000006,41132557106311.52,1,1,3,13.61418570933025,2.833213344056216,2.833213344056216,62.993750000000006
2004-07-09 23:18:53.720,North (40–45N) | West (130–138E),1,1,4.0,371.9,63095734448.019424,0,0,0,10.800000000006884,0.6931471805599453,0.6931471805599453,371.9
2004-07-09 23:18:53.720,South (30–35N) | East (138–146E),15,42,5.1,116.52,7806693943207.265,1,1,1,12.892467153441636,2.772588722239781,3.7612001156935624,116.52
2004-07-09 23:18:53.720,South (30–35N) | West (130–138E),3,2,4.7,266.5,1272228752459.4312,1,0,0,12.104565206437654,1.3862943611198906,1.0986122886681098,266.5
2004-08-08 23:18:53.720,Central (35–40N) | East (138–146E),18,14,4.7,65.53888888888889,4668103775199.423,1,1,3,12.66914050214967,2.9444389791664403,2.70805020110221,65.53888888888889
2004-08-08 23:18:53.720,Central (35–40N) | West (130–138E),4,2,4.1,238.525,196995251032.76077,0,0,0,11.294455756746913,1.6094379124341003,1.0986122886681098,238.525
2004-08-08 23:18:53.720,North (40–45N) | East (138–146E),20,16,5.4,89.34,22153513100218.63,1,1,1,13.345442606363113,3.044522437723423,2.833213344056216,89.34
2004-08-08 23:18:53.720,North (40–45N) | West (130–138E),2,1,4.4,374.6,377081184330.37537,0,0,0,11.576434862437639,1.0986122886681098,0.6931471805599453,374.6
2004-08-08 23:18:53.720,South (30–35N) | East (138–146E),11,15,5.6,132.83636363636364,18515830176981.543,1,0,0,13.267543188878022,2.4849066497880004,2.772588722239781,132.83636363636364
2004-08-08 23:18:53.720,South (30–35N) | West (130–138E),8,3,4.6,270.9375,1828978098857.4333,1,0,0,12.262208505037993,2.1972245773362196,1.3862943611198906,270.9375
2004-09-07 23:18:53.720,Central (35–40N) | East (138–146E),23,18,5.7,45.63478260869565,59043800592227.805,1,0,0,13.771174304829701,3.1780538303479458,2.9444389791664403,45.63478260869565
2004-09-07 23:18:53.720,Central (35–40N) | West (130–138E),4,4,4.3,213.20000000000002,481970669810.0582,0,0,0,11.683020610174982,1.6094379124341003,1.6094379124341003,213.20000000000002
2004-09-07 23:18:53.720,North (40–45N) | East (138–146E),13,20,5.1,72.29230769230769,7324722872186.099,1,1,1,12.86479119798769,2.6390573296152584,3.044522437723423,72.29230769230769
2004-09-07 23:18:53.720,North (40–45N) | West (130–138E),1,2,4.6,538.5,501187233627.2715,1,0,0,11.700000000000866,0.6931471805599453,1.0986122886681098,538.5
2004-09-07 23:18:53.720,South (30–35N) | East (138–146E),13,11,4.7,104.73846153846154,3081389952659.933,1,0,0,12.488746662150898,2.6390573296152584,2.4849066497880004,104.73846153846154
2004-09-07 23:18:53.720,South (30–35N) | West (130–138E),95,8,7.4,20.19789473684211,1.2861101534433686e+16,1,1,3,16.109278166864943,4.564348191467836,2.1972245773362196,20.19789473684211
2004-10-07 23:18:53.720,Central (35–40N) | East (138–146E),7,23,5.8,64.81428571428572,32760731013849.33,1,1,2,13.515353583922915,2.0794415416798357,3.1780538303479458,64.81428571428572
2004-10-07 23:18:53.720,Central (35–40N) | West (130–138E),2,4,4.4,207.05,340313736964.33264,0,0,0,11.531879480003338,1.0986122886681098,1.6094379124341003,207.05
2004-10-07 23:18:53.720,North (40–45N) | East (138–146E),16,13,5.2,79.9375,10782595008626.07,1,0,0,13.03272329353171,2.833213344056216,2.6390573296152584,79.9375
2004-10-07 23:18:53.720,North (40–45N) | West (130–138E),0,1,0.0,,0.0,0,0,0,0.0,0.0,0.6931471805599453,86.05303030303031
2004-10-07 23:18:53.720,South (30–35N) | East (138–146E),21,13,5.3,57.50476190476189,14231259829236.025,1,1,1,13.153243347917543,3.091042453358316,2.6390573296152584,57.50476190476189
2004-10-07 23:18:53.720,South (30–35N) | West (130–138E),23,95,6.1,69.90869565217392,117378732165266.25,1,1,1,14.069589414288119,3.1780538303479458,4.564348191467836,69.90869565217392
2004-11-06 23:18:53.720,Central (35–40N) | East (138–146E),88,7,6.6,18.361363636363635,1056098898337951.8,1,1,3,15.023704589591077,4.48863636973214,2.0794415416798357,18.361363636363635
2004-11-06 23:18:53.720,Central (35–40N) | West (130–138E),2,2,4.8,115.2,1177827941003.8923,1,0,0,12.0710818526499,1.0986122886681098,1.0986122886681098,115.2
2004-11-06 23:18:53.720,North (40–45N) | East (138–146E),13,16,4.4,72.96153846153847,1869691667913.3662,0,1,4,12.271769992651944,2.6390573296152584,2.833213344056216,72.96153846153847
2004-11-06 23:18:53.720,North (40–45N) | West (130–138E),0,0,0.0,,0.0,0,0,0,0.0,0.0,0.0,86.05303030303031
2004-11-06 23:18:53.720,South (30–35N) | East (138–146E),12,21,5.1,102.125,5359029807048.652,1,1,1,12.729086172606438,2.5649493574615367,3.091042453358316,102.125
2004-11-06 23:18:53.720,South (30–35N) | West (130–138E),15,23,5.3,175.07333333333332,9519194529730.988,1,0,0,12.978600201946236,2.772588722239781,3.1780538303479458,175.07333333333332
2004-12-06 23:18:53.720,Central (35–40N) | East (138–146E),23,88,5.5,34.17391304347826,22787796921378.324,1,1,1,13.357702340488112,3.1780538303479458,4.48863636973214,34.17391304347826
2004-12-06 23:18:53.720,Central (35–40N) | West (130–138E),2,2,3.8,310.75,54009987987.36726,0,0,0,10.732474080695628,1.0986122886681098,1.0986122886681098,310.75
2004-12-06 23:18:53.720,North (40–45N) | East (138–146E),40,13,7.0,47.7475,3180092337680077.5,1,1,1,15.502439730412963,3.713572066704308,2.6390573296152584,47.7475
2004-12-06 23:18:53.720,North (40–45N) | West (130–138E),0,0,0.0,,0.0,0,0,0,0.0,0.0,0.0,86.05303030303031
2004-12-06 23:18:53.720,South (30–35N) | East (138–146E),10,12,5.6,62.45,19371921613930.12,1,0,0,13.28717270305951,2.3978952727983707,2.5649493574615367,62.45
2004-12-06 23:18:53.720,South (30–35N) | West (130–138E),12,15,4.4,113.25833333333333,1358779641338.4502,0,0,0,12.133149031191682,2.5649493574615367,2.772588722239781,113.25833333333333
2005-01-05 23:18:53.720,Central (35–40N) | East (138–146E),23,23,5.7,59.14347826086955,35148202858480.082,1,0,0,13.545903124274822,3.1780538303479458,3.1780538303479458,59.14347826086955
2005-01-05 23:18:53.720,Central (35–40N) | West (130–138E),1,2,4.6,359.3,501187233627.2715,1,0,0,11.700000000000866,0.6931471805599453,1.0986122886681098,359.3
2005-01-05 23:18:53.720,North (40–45N) | East (138–146E),23,40,5.8,46.3,52403512230966.91,1,1,2,13.719360395598441,3.1780538303479458,3.713572066704308,46.3
2005-01-05 23:18:53.720,North (40–45N) | West (130–138E),0,0,0.0,,0.0,0,0,0,0.0,0.0,0.0,86.05303030303031
2005-01-05 23:18:53.720,South (30–35N) | East (138–146E),6,10,4.6,145.71666666666667,1014780680039.0134,1,1,4,12.006372190288081,1.9459101490553132,2.3978952727983707,145.71666666666667
2005-01-05 23:18:53.720,South (30–35N) | West (130–138E),5,12,4.9,245.84,1784685682805.5898,1,0,0,12.251561739640014,1.791759469228055,2.5649493574615367,245.84
2005-02-04 23:18:53.720,Central (35–40N) | East (138–146E),10,23,4.5,75.54,1554390604955.1602,1,1,1,12.191560162638028,2.3978952727983707,3.1780538303479458,75.54
2005-02-04 23:18:53.720,Central (35–40N) | West (130–138E),3,1,4.3,214.23333333333335,246547088703.8152,0,0,0,11.391899878629888,1.3862943611198906,0.6931471805599453,214.23333333333335
2005-02-04 23:18:53.720,North (40–45N) | East (138–146E),18,23,6.3,65.02777777777779,198558070941816.66,1,0,0,14.297887544858757,2.9444389791664403,3.1780538303479458,65.02777777777779
2005-02-04 23:18:53.720,North (40–45N) | West (130–138E),0,0,0.0,,0.0,0,0,0,0.0,0.0,0.0,86.05303030303031
2005-02-04 23:18:53.720,South (30–35N) | East (138–146E),59,6,6.6,30.218644067796607,591732857673085.1,1,0,0,14.772125685399901,4.0943445622221,1.9459101490553132,30.218644067796607
2005-02-04 23:18:53.720,South (30–35N) | West (130–138E),5,5,4.8,285.4,1372148138182.8345,1,0,0,12.137401000673075,1.791759469228055,1.791759469228055,285.4
2005-03-06 23:18:53.720,Central (35–40N) | East (138–146E),12,10,5.5,61.19166666666667,14669850939435.352,1,0,0,13.166425700993306,2.5649493574615367,2.3978952727983707,61.19166666666667
2005-03-06 23:18:53.720,Central (35–40N) | West (130–138E),1,3,4.3,378.7,177827941003.89227,0,0,0,11.250000000002442,0.6931471805599453,1.3862943611198906,378.7
2005-03-06 23:18:53.720,North (40–45N) | East (138–146E),12,18,5.7,80.00833333333331,24297439169015.28,1,1,1,13.385560503500736,2.5649493574615367,2.9444389791664403,80.00833333333331
2005-03-06 23:18:53.720,North (40–45N) | West (130–138E),0,0,0.0,,0.0,0,0,0,0.0,0.0,0.0,86.05303030303031
2005-03-06 23:18:53.720,South (30–35N) | East (138–146E),16,59,4.8,34.631249999999994,3954294040778.1113,1,0,0,12.597068960258335,2.833213344056216,4.0943445622221,34.631249999999994
2005-03-06 23:18:53.720,South (30–35N) | West (130–138E),11,5,5.6,239.6909090909091,17050843134794.531,1,1,1,13.231745858972847,2.4849066497880004,1.791759469228055,239.6909090909091
2005-04-05 23:18:53.720,Central (35–40N) | East (138–146E),14,12,5.1,65.95,4584656572483.885,1,1,1,12.661306809087648,2.70805020110221,2.5649493574615367,65.95
2005-04-05 23:18:53.720,Central (35–40N) | West (130–138E),2,1,4.1,140.05,152220828261.39383,0,0,0,11.18247408069044,1.0986122886681098,0.6931471805599453,140.05
2005-04-05 23:18:53.720,North (40–45N) | East (138–146E),18,12,5.5,79.08888888888889,15703536255193.283,1,0,0,13.195997461529295,2.9444389791664403,2.5649493574615367,79.08888888888889
2005-04-05 23:18:53.720,North (40–45N) | West (130–138E),0,0,0.0,,0.0,0,1,1,0.0,0.0,0.0,86.05303030303031
2005-04-05 23:18:53.720,South (30–35N) | East (138–146E),31,16,4.9,51.44516129032259,5821596739614.8,1,1,1,12.765042118686917,3.4657359027997265,2.833213344056216,51.44516129032259
2005-04-05 23:18:53.720,South (30–35N) | West (130–138E),17,11,6.6,87.42941176470589,504504835244170.5,1,1,1,14.702865332931303,2.8903717578961645,2.4849066497880004,87.42941176470589
2005-05-05 23:18:53.720,Central (35–40N) | East (138–146E),17,14,5.9,51.205882352941174,47471213293704.04,1,1,1,13.676430331782132,2.8903717578961645,2.70805020110221,51.205882352941174
2005-05-05 23:18:53.720,Central (35–40N) | West (130–138E),2,2,4.1,304.2,120747870415.0582,0,0,0,11.081879480005659,1.0986122886681098,1.0986122886681098,304.2
2005-05-05 23:18:53.720,North (40–45N) | East (138–146E),8,18,5.0,86.45000000000002,3348261004331.3975,1,1,1,12.524819304853825,2.1972245773362196,2.9444389791664403,86.45000000000002
2005-05-05 23:18:53.720,North (40–45N) | West (130–138E),2,0,5.0,354.5,2058358049416.9023,1,0,0,12.31352092210825,1.0986122886681098,0.0,354.5
2005-05-05 23:18:53.720,South (30–35N) | East (138–146E),14,31,5.0,119.65714285714286,4261880697041.382,1,0,0,12.62960128832953,2.70805020110221,3.4657359027997265,119.65714285714286
2005-05-05 23:18:53.720,South (30–35N) | West (130–138E),12,17,5.5,76.78333333333332,14300035681738.95,1,0,0,13.15533712112684,2.5649493574615367,2.8903717578961645,76.78333333333332
2005-06-04 23:18:53.720,Central (35–40N) | East (138–146E),20,17,5.3,61.42999999999999,14047627882244.15,1,0,0,13.147602994374385,3.044522437723423,2.8903717578961645,61.42999999999999
2005-06-04 23:18:53.720,Central (35–40N) | West (130–138E),1,2,4.0,4.5,63095734448.019424,0,0,0,10.800000000006884,0.6931471805599453,1.0986122886681098,4.5
2005-06-04 23:18:53.720,North (40–45N) | East (138–146E),7,8,5.0,97.02857142857142,4140959172552.6543,1,0,0,12.617100948632766,2.0794415416798357,2.1972245773362196,97.02857142857142
2005-06-04 23:18:53.720,North (40–45N) | West (130–138E),1,2,4.4,317.2,251188643150.95822,0,0,0,11.400000000001729,0.6931471805599453,1.0986122886681098,317.2
2005-06-04 23:18:53.720,South (30–35N) | East (138–146E),14,14,5.1,73.72142857142858,7652274636100.717,1,0,0,12.883790548234918,2.70805020110221,2.70805020110221,73.72142857142858
2005-06-04 23:18:53.720,South (30–35N) | West (130–138E),10,12,5.7,186.75,29545162597150.75,1,0,0,13.470486384393583,2.3978952727983707,2.5649493574615367,186.75
2005-07-04 23:18:53.720,Central (35–40N) | East (138–146E),12,20,5.7,45.93333333333334,31481429646562.95,1,0,0,13.498054446479772,2.5649493574615367,3.044522437723423,45.93333333333334
2005-07-04 23:18:53.720,Central (35–40N) | West (130–138E),6,1,4.8,258.9666666666667,2156065985509.778,1,0,0,12.3336620481217,1.9459101490553132,0.6931471805599453,258.9666666666667
2005-07-04 23:18:53.720,North (40–45N) | East (138–146E),15,7,4.7,85.83333333333331,3019681414498.781,1,0,0,12.479961125995827,2.772588722239781,2.0794415416798357,85.83333333333331
2005-07-04 23:18:53.720,North (40–45N) | West (130–138E),1,1,3.8,280.1,31622776601.683792,0,0,0,10.500000000013733,0.6931471805599453,0.6931471805599453,280.1
2005-07-04 23:18:53.720,South (30–35N) | East (138–146E),10,14,5.5,147.90000000000003,12778213393337.133,1,1,1,13.106470136478496,2.3978952727983707,2.70805020110221,147.90000000000003
2005-07-04 23:18:53.720,South (30–35N) | West (130–138E),8,10,4.6,181.5375,828267722161.8024,1,0,0,11.918170737104763,2.1972245773362196,2.3978952727983707,181.5375
2005-08-03 23:18:53.720,Central (35–40N) | East (138–146E),25,12,5.9,64.29599999999999,50855516713466.03,1,1,2,13.706338071285549,3.258096538021482,2.5649493574615367,64.29599999999999
2005-08-03 23:18:53.720,Central (35–40N) | West (130–138E),2,6,4.3,328.9,180646323935.1567,0,0,0,11.256829128314857,1.0986122886681098,1.9459101490553132,328.9
2005-08-03 23:18:53.720,North (40–45N) | East (138–146E),5,15,4.2,113.54,498425493953.3096,0,0,0,11.697600247937864,1.791759469228055,2.772588722239781,113.54
2005-08-03 23:18:53.720,North (40–45N) | West (130–138E),0,1,0.0,,0.0,0,0,0,0.0,0.0,0.6931471805599453,86.05303030303031
2005-08-03 23:18:53.720,South (30–35N) | East (138–146E),102,10,5.8,43.95490196078432,89886600395351.66,1,1,2,13.953694955269487,4.634728988229636,2.3978952727983707,43.95490196078432
2005-08-03 23:18:53.720,South (30–35N) | West (130–138E),2,8,4.2,419.5,148279752565.1006,0,0,0,11.171081852652463,1.0986122886681098,2.1972245773362196,419.5
2005-09-02 23:18:53.720,Central (35–40N) | East (138–146E),49,25,7.2,43.48163265306123,4235198246438687.5,1,0,0,15.62687374413999,3.912023005428146,3.258096538021482,43.48163265306123
2005-09-02 23:18:53.720,Central (35–40N) | West (130–138E),4,2,4.4,371.775,330283128278.9369,0,0,0,11.518886389367863,1.6094379124341003,1.0986122886681098,371.775
2005-09-02 23:18:53.720,North (40–45N) | East (138–146E),15,5,5.0,87.67999999999999,5535560299051.651,1,0,0,12.743161585914185,2.772588722239781,1.791759469228055,87.67999999999999
2005-09-02 23:18:53.720,North (40–45N) | West (130–138E),0,0,0.0,,0.0,0,0,0,0.0,0.0,0.0,86.05303030303031
2005-09-02 23:18:53.720,South (30–35N) | East (138–146E),45,102,5.1,53.71777777777778,13218952884568.293,1,0,0,13.12119705466064,3.828641396489095,4.634728988229636,53.71777777777778
2005-09-02 23:18:53.720,South (30–35N) | West (130–138E),6,2,4.4,219.66666666666666,637066106254.8848,0,0,0,11.804184499984563,1.9459101490553132,1.0986122886681098,219.66666666666666
2005-10-02 23:18:53.720,Central (35–40N) | East (138–146E),23,49,4.8,65.62173913043478,5158577728957.019,1,1,2,12.712529978834896,3.1780538303479458,3.912023005428146,65.62173913043478
2005-10-02 23:18:53.720,Central (35–40N) | West (130–138E),2,4,4.1,231.60000000000002,104974025737.98552,0,0,0,11.02108185265367,1.0986122886681098,1.6094379124341003,231.60000000000002
2005-10-02 23:18:53.720,North (40–45N) | East (138–146E),3,15,4.2,98.16666666666667,278113369440.811,0,0,0,11.444221866732708,1.3862943611198906,2.772588722239781,98.16666666666667
2005-10-02 23:18:53.720,North (40–45N) | West (130–138E),1,0,4.1,392.9,89125093813.3744,0,0,0,10.950000000004872,0.6931471805599453,0.0,392.9
2005-10-02 23:18:53.720,South (30–35N) | East (138–146E),19,45,5.2,75.28421052631579,8003803064028.238,1,0,0,12.90329639414988,2.995732273553991,3.828641396489095,75.28421052631579
2005-10-02 23:18:53.720,South (30–35N) | West (130–138E),8,6,4.6,114.76249999999999,1743956444550.0686,1,0,0,12.241535634193259,2.1972245773362196,1.9459101490553132,114.76249999999999
2005-11-01 23:18:53.720,Central (35–40N) | East (138–146E),20,23,6.3,45.455,200321600857993.9,1,1,1,14.30172778218237,3.044522437723423,3.1780538303479458,45.455
2005-11-01 23:18:53.720,Central (35–40N) | West (130–138E),3,2,5.9,264.3666666666667,44816638967661.63,1,0,0,13.651439283423258,1.3862943611198906,1.0986122886681098,264.3666666666667
2005-11-01 23:18:53.720,North (40–45N) | East (138–146E),11,3,5.3,102.2818181818182,9609864425236.758,1,1,1,12.982717260739674,2.4849066497880004,1.3862943611198906,102.2818181818182
2005-11-01 23:18:53.720,North (40–45N) | West (130–138E),1,1,4.1,484.0,89125093813.3744,0,0,0,10.950000000004872,0.6931471805599453,0.6931471805599453,484.0
2005-11-01 23:18:53.720,South (30–35N) | East (138–146E),9,19,5.2,199.17777777777778,5492685226172.525,1,1,1,12.73978471126368,2.302585092994046,2.995732273553991,199.17777777777778
2005-11-01 23:18:53.720,South (30–35N) | West (130–138E),5,8,4.3,171.90000000000003,398588811988.3608,0,0,0,11.600525104300555,1.791759469228055,2.1972245773362196,171.90000000000003
2005-12-01 23:18:53.720,Central (35–40N) | East (138–146E),37,20,7.0,33.08108108108108,2003553773723232.2,1,1,2,15.3018010030292,3.6375861597263857,3.044522437723423,33.08108108108108
2005-12-01 23:18:53.720,Central (35–40N) | West (130–138E),3,3,4.9,353.56666666666666,1509605920783.3726,1,0,0,12.178863590494805,1.3862943611198906,1.3862943611198906,353.56666666666666
2005-12-01 23:18:53.720,North (40–45N) | East (138–146E),10,11,5.0,80.32,2999807619201.5674,1,1,2,12.477093403853742,2.3978952727983707,2.4849066497880004,80.32
2005-12-01 23:18:53.720,North (40–45N) | West (130–138E),0,1,0.0,,0.0,0,0,0,0.0,0.0,0.6931471805599453,86.05303030303031
2005-12-01 23:18:53.720,South (30–35N) | East (138–146E),14,9,5.7,66.00714285714285,47420212036371.46,1,0,0,13.675963491565843,2.70805020110221,2.302585092994046,66.00714285714285
2005-12-01 23:18:53.720,South (30–35N) | West (130–138E),5,5,4.3,100.76,482269597526.67993,0,0,0,11.683289884683365,1.791759469228055,1.791759469228055,100.76
2005-12-31 23:18:53.720,Central (35–40N) | East (138–146E),26,37,6.5,52.66538461538461,428536653918481.94,1,0,0,14.631987974249268,3.295836866004329,3.6375861597263857,52.66538461538461
2005-12-31 23:18:53.720,Central (35–40N) | West (130–138E),8,3,4.7,190.42499999999998,2566537758788.0356,1,0,0,12.40934765796483,2.1972245773362196,1.3862943611198906,190.42499999999998
2005-12-31 23:18:53.720,North (40–45N) | East (138–146E),11,10,5.4,99.7090909090909,11905553588415.766,1,0,0,13.075749594180628,2.4849066497880004,2.3978952727983707,99.7090909090909
2005-12-31 23:18:53.720,North (40–45N) | West (130–138E),1,0,4.1,194.9,89125093813.3744,0,0,0,10.950000000004872,0.6931471805599453,0.0,194.9
2005-12-31 23:18:53.720,South (30–35N) | East (138–146E),19,14,4.8,72.22105263157896,3954572449082.6787,1,1,1,12.597099536369488,2.995732273553991,2.70805020110221,72.22105263157896
2005-12-31 23:18:53.720,South (30–35N) | West (130–138E),11,5,5.0,206.85454545454542,5254391369007.695,1,0,0,12.720522417721215,2.4849066497880004,1.791759469228055,206.85454545454542
2006-01-30 23:18:53.720,Central (35–40N) | East (138–146E),15,26,5.7,59.94666666666667,25275298411013.703,1,1,5,13.402696291760249,2.772588722239781,3.295836866004329,59.94666666666667
2006-01-30 23:18:53.720,Central (35–40N) | West (130–138E),2,8,4.1,54.8,152220828261.39383,0,0,0,11.18247408069044,1.0986122886681098,2.1972245773362196,54.8
2006-01-30 23:18:53.720,North (40–45N) | East (138–146E),9,11,4.8,65.65555555555555,2031524502373.9285,1,0,0,12.307822064753521,2.302585092994046,2.4849066497880004,65.65555555555555
2006-01-30 23:18:53.720,North (40–45N) | West (130–138E),0,1,0.0,,0.0,0,0,0,0.0,0.0,0.6931471805599453,86.05303030303031
2006-01-30 23:18:53.720,South (30–35N) | East (138–146E),10,19,5.6,169.67000000000002,17129729703229.732,1,1,1,13.233750510115451,2.3978952727983707,2.995732273553991,169.67000000000002
2006-01-30 23:18:53.720,South (30–35N) | West (130–138E),5,11,4.5,112.55999999999999,998847608381.218,1,0,0,11.999499234084734,1.791759469228055,2.4849066497880004,112.55999999999999
2006-03-01 23:18:53.720,Central (35–40N) | East (138–146E),29,15,5.7,42.95172413793104,47547066223612.8,1,1,2,13.677123725012587,3.4011973816621555,2.772588722239781,42.95172413793104
2006-03-01 23:18:53.720,Central (35–40N) | West (130–138E),6,2,4.3,240.4333333333333,453704165351.20215,0,0,0,11.656772766440742,1.9459101490553132,1.0986122886681098,240.4333333333333
2006-03-01 23:18:53.720,North (40–45N) | East (138–146E),11,9,4.4,126.21818181818183,1614900155284.2688,0,1,1,12.20814567629616,2.4849066497880004,2.302585092994046,126.21818181818183
2006-03-01 23:18:53.720,North (40–45N) | West (130–138E),1,0,3.8,25.4,31622776601.683792,0,0,0,10.500000000013733,0.6931471805599453,0.0,25.4
2006-03-01 23:18:53.720,South (30–35N) | East (138–146E),14,10,5.0,186.94285714285712,3553855458541.257,1,0,0,12.550699760319581,2.70805020110221,2.3978952727983707,186.94285714285712
2006-03-01 23:18:53.720,South (30–35N) | West (130–138E),6,5,4.3,90.03333333333335,534945826736.8091,0,1,1,11.728309803815476,1.9459101490553132,1.791759469228055,90.03333333333335
2006-03-31 23:18:53.720,Central (35–40N) | East (138–146E),22,29,5.1,49.85454545454545,8446115373547.049,1,0,0,12.926657009572082,3.1354942159291497,3.4011973816621555,49.85454545454545
2006-03-31 23:18:53.720,Central (35–40N) | West (130–138E),2,6,4.1,217.5,97068376160.61719,0,0,0,10.987077764455194,1.0986122886681098,1.9459101490553132,217.5
2006-03-31 23:18:53.720,North (40–45N) | East (138–146E),8,11,5.0,76.07499999999999,3473584144580.1504,1,1,2,12.540777823747197,2.1972245773362196,2.4849066497880004,76.07499999999999
2006-03-31 23:18:53.720,North (40–45N) | West (130–138E),1,1,4.4,351.8,251188643150.95822,0,0,0,11.400000000001729,0.6931471805599453,0.6931471805599453,351.8
2006-03-31 23:18:53.720,South (30–35N) | East (138–146E),17,14,5.0,52.135294117647064,4383021450642.247,1,0,0,12.641773596109857,2.8903717578961645,2.70805020110221,52.135294117647064
2006-03-31 23:18:53.720,South (30–35N) | West (130–138E),8,6,5.9,239.6125,60124528081325.08,1,0,0,13.779051680608827,2.1972245773362196,1.9459101490553132,239.6125
2006-04-30 23:18:53.720,Central (35–40N) | East (138–146E),27,22,4.9,65.05555555555556,4680203667042.792,1,0,0,12.670264752550338,3.332204510175204,3.1354942159291497,65.05555555555556
2006-04-30 23:18:53.720,Central (35–40N) | West (130–138E),2,2,4.5,333.65,399481748448.67224,1,0,0,11.601496942026317,1.0986122886681098,1.0986122886681098,333.65
2006-04-30 23:18:53.720,North (40–45N) | East (138–146E),14,8,5.3,75.2142857142857,12579993028700.277,1,1,1,13.09968040044173,2.70805020110221,2.1972245773362196,75.2142857142857
2006-04-30 23:18:53.720,North (40–45N) | West (130–138E),1,1,4.5,298.3,354813389233.57605,1,0,0,11.550000000001225,0.6931471805599453,0.6931471805599453,298.3
2006-04-30 23:18:53.720,South (30–35N) | East (138–146E),26,17,5.7,109.4423076923077,44265558701574.625,1,0,0,13.64606595007558,3.295836866004329,2.8903717578961645,109.4423076923077
2006-04-30 23:18:53.720,South (30–35N) | West (130–138E),7,8,4.5,249.95714285714283,993956932731.8665,1,0,0,11.997367567212532,2.0794415416798357,2.1972245773362196,249.95714285714283
2006-05-30 23:18:53.720,Central (35–40N) | East (138–146E),17,27,4.5,51.50588235294118,2090843371445.7378,1,0,0,12.320321500314476,2.8903717578961645,3.332204510175204,51.50588235294118
2006-05-30 23:18:53.720,Central (35–40N) | West (130–138E),2,2,4.3,188.29999999999998,181809012709.42725,0,0,0,11.25961540844253,1.0986122886681098,1.0986122886681098,188.29999999999998
2006-05-30 23:18:53.720,North (40–45N) | East (138–146E),13,14,5.0,101.40769230769229,6480952942926.218,1,0,0,12.811638868127856,2.6390573296152584,2.70805020110221,101.40769230769229
2006-05-30 23:18:53.720,North (40–45N) | West (130–138E),0,1,0.0,,0.0,0,0,0,0.0,0.0,0.6931471805599453,86.05303030303031
2006-05-30 23:18:53.720,South (30–35N) | East (138–146E),11,26,5.2,138.70909090909092,6305120337842.158,1,0,0,12.799693379816716,2.4849066497880004,3.295836866004329,138.70909090909092
2006-05-30 23:18:53.720,South (30–35N) | West (130–138E),12,7,5.3,34.14166666666667,7802333447868.468,1,1,1,12.892224506790333,2.5649493574615367,2.0794415416798357,34.14166666666667
2006-06-29 23:18:53.720,Central (35–40N) | East (138–146E),14,17,4.8,68.7357142857143,2184028029109.0176,1,1,1,12.339258207663516,2.70805020110221,2.8903717578961645,68.7357142857143
2006-06-29 23:18:53.720,Central (35–40N) | West (130–138E),7,2,4.5,256.0142857142857,819077858150.1892,1,0,0,11.91332518595859,2.0794415416798357,1.0986122886681098,256.0142857142857
2006-06-29 23:18:53.720,North (40–45N) | East (138–146E),20,13,5.5,60.67,26701506919384.945,1,1,1,13.426535771788041,3.044522437723423,2.6390573296152584,60.67
2006-06-29 23:18:53.720,North (40–45N) | West (130–138E),1,0,3.6,271.6,15848931924.611109,0,0,0,10.200000000027401,0.6931471805599453,0.0,271.6
2006-06-29 23:18:53.720,South (30–35N) | East (138–146E),12,11,5.0,146.51666666666668,3690007509450.5273,1,0,0,12.56702724998292,2.5649493574615367,2.4849066497880004,146.51666666666668
2006-06-29 23:18:53.720,South (30–35N) | West (130–138E),7,12,6.3,196.37142857142857,178733939386223.38,1,0,0,14.252207027539917,2.0794415416798357,2.5649493574615367,196.37142857142857
2006-07-29 23:18:53.720,Central (35–40N) | East (138–146E),10,14,5.2,43.33,6835391362255.003,1,0,0,12.83476338526849,2.3978952727983707,2.70805020110221,43.33
2006-07-29 23:18:53.720,Central (35–40N) | West (130–138E),1,7,3.5,449.5,11220184543.019653,0,0,0,10.050000000038708,0.6931471805599453,2.0794415416798357,449.5
2006-07-29 23:18:53.720,North (40–45N) | East (138–146E),10,20,5.3,85.03,7068400568771.999,1,0,0,12.849321153154806,2.3978952727983707,3.044522437723423,85.03
2006-07-29 23:18:53.720,North (40–45N) | West (130–138E),2,1,4.4,407.5,295857002366.0544,0,0,0,11.471081852651,1.0986122886681098,0.6931471805599453,407.5
2006-07-29 23:18:53.720,South (30–35N) | East (138–146E),10,12,4.4,173.57999999999998,926639212627.4276,0,0,0,11.966910674312869,2.3978952727983707,2.5649493574615367,173.57999999999998
2006-07-29 23:18:53.720,South (30–35N) | West (130–138E),2,7,4.3,319.35,193676872928.5034,0,0,0,11.287077764452963,1.0986122886681098,2.0794415416798357,319.35
2006-08-28 23:18:53.720,Central (35–40N) | East (138–146E),15,10,5.1,42.59333333333334,4183987196926.3433,1,1,1,12.62159034691268,2.772588722239781,2.3978952727983707,42.59333333333334
2006-08-28 23:18:53.720,Central (35–40N) | West (130–138E),0,1,0.0,,0.0,0,0,0,0.0,0.0,0.6931471805599453,86.05303030303031
2006-08-28 23:18:53.720,North (40–45N) | East (138–146E),13,10,4.5,123.44615384615385,1816520314612.367,1,0,0,12.259240259052659,2.6390573296152584,2.3978952727983707,123.44615384615385
2006-08-28 23:18:53.720,North (40–45N) | West (130–138E),0,2,0.0,,0.0,0,0,0,0.0,0.0,1.0986122886681098,86.05303030303031
2006-08-28 23:18:53.720,South (30–35N) | East (138–146E),13,10,4.4,198.2230769230769,1085285914334.6357,0,0,0,12.035544166443204,2.6390573296152584,2.3978952727983707,198.2230769230769
2006-08-28 23:18:53.720,South (30–35N) | West (130–138E),5,2,5.5,192.24,11636831786298.955,1,0,0,13.065834756515326,1.791759469228055,1.0986122886681098,192.24
2006-09-27 23:18:53.720,Central (35–40N) | East (138–146E),20,15,5.1,48.519999999999996,7541879846180.157,1,1,2,12.877479609141442,3.044522437723423,2.772588722239781,48.519999999999996
2006-09-27 23:18:53.720,Central (35–40N) | West (130–138E),2,0,4.1,322.05,133793453028.47058,0,0,0,11.12643486243973,1.0986122886681098,0.0,322.05
2006-09-27 23:18:53.720,North (40–45N) | East (138–146E),19,13,4.9,113.09473684210528,3316936804801.9287,1,0,0,12.520737197299761,2.995732273553991,2.6390573296152584,113.09473684210528
2006-09-27 23:18:53.720,North (40–45N) | West (130–138E),2,0,5.9,394.1,44919547858247.49,1,0,0,13.652435376181229,1.0986122886681098,0.0,394.1
2006-09-27 23:18:53.720,South (30–35N) | East (138–146E),5,13,4.9,57.94,2343163609027.734,1,0,0,12.36980261382857,1.791759469228055,2.6390573296152584,57.94
2006-09-27 23:18:53.720,South (30–35N) | West (130–138E),7,5,5.3,182.22857142857146,6258321559400.177,1,0,0,12.796457873908569,2.0794415416798357,1.791759469228055,182.22857142857146
2006-10-27 23:18:53.720,Central (35–40N) | East (138–146E),17,20,6.0,46.57647058823529,69332019596413.41,1,0,0,13.840933851097425,2.8903717578961645,3.044522437723423,46.57647058823529
2006-10-27 23:18:53.720,Central (35–40N) | West (130–138E),1,2,4.1,31.0,89125093813.3744,0,0,0,10.950000000004872,0.6931471805599453,1.0986122886681098,31.0
2006-10-27 23:18:53.720,North (40–45N) | East (138–146E),13,19,4.5,59.33076923076924,1969201145714.6711,1,0,0,12.294290079780918,2.6390573296152584,2.995732273553991,59.33076923076924
2006-10-27 23:18:53.720,North (40–45N) | West (130–138E),0,2,0.0,,0.0,0,0,0,0.0,0.0,1.0986122886681098,86.05303030303031
2006-10-27 23:18:53.720,South (30–35N) | East (138–146E),9,5,4.9,215.11111111111111,1954789122167.0781,1,0,0,12.291099913640602,2.302585092994046,1.791759469228055,215.11111111111111
2006-10-27 23:18:53.720,South (30–35N) | West (130–138E),1,7,4.3,414.0,177827941003.89227,0,0,0,11.250000000002442,0.6931471805599453,2.0794415416798357,414.0
2006-11-26 23:18:53.720,Central (35–40N) | East (138–146E),8,17,4.4,42.4625,694983729576.0381,0,0,0,11.841974637341735,2.1972245773362196,2.8903717578961645,42.4625
2006-11-26 23:18:53.720,Central (35–40N) | West (130–138E),1,1,3.5,383.6,11220184543.019653,0,1,1,10.050000000038708,0.6931471805599453,0.6931471805599453,383.6
2006-11-26 23:18:53.720,North (40–45N) | East (138–146E),17,13,4.9,73.83529411764707,3374049268579.742,1,1,1,12.528151419959249,2.8903717578961645,2.6390573296152584,73.83529411764707
2006-11-26 23:18:53.720,North (40–45N) | West (130–138E),1,0,3.7,476.8,22387211385.683468,0,0,0,10.350000000019401,0.6931471805599453,0.0,476.8
2006-11-26 23:18:53.720,South (30–35N) | East (138–146E),10,9,5.1,131.57999999999998,3941241121517.4233,1,0,0,12.595633005416627,2.3978952727983707,2.302585092994046,131.57999999999998
2006-11-26 23:18:53.720,South (30–35N) | West (130–138E),8,1,5.4,154.8125,8587698055251.891,1,0,0,12.933876766173759,2.1972245773362196,0.6931471805599453,154.8125
2006-12-26 23:18:53.720,Central (35–40N) | East (138–146E),21,8,4.6,47.11904761904761,3034142780914.78,1,0,0,12.482036013993497,3.091042453358316,2.1972245773362196,47.11904761904761
2006-12-26 23:18:53.720,Central (35–40N) | West (130–138E),6,1,5.3,303.9166666666667,6319979310083.484,1,0,0,12.800715656521175,1.9459101490553132,0.6931471805599453,303.9166666666667
2006-12-26 23:18:53.720,North (40–45N) | East (138–146E),18,17,5.1,63.15555555555555,4739415073672.45,1,0,0,12.675724745481855,2.9444389791664403,2.8903717578961645,63.15555555555555
2006-12-26 23:18:53.720,North (40–45N) | West (130–138E),1,1,4.2,286.1,125892541179.41713,0,0,0,11.100000000003451,0.6931471805599453,0.6931471805599453,286.1
2006-12-26 23:18:53.720,South (30–35N) | East (138–146E),10,10,4.7,122.91999999999999,1113884889311.728,1,0,0,12.046840312454114,2.3978952727983707,2.3978952727983707,122.91999999999999
2006-12-26 23:18:53.720,South (30–35N) | West (130–138E),8,8,4.2,188.925,504467657661.6083,0,0,0,11.702833328057743,2.1972245773362196,2.1972245773362196,188.925
2007-01-25 23:18:53.720,Central (35–40N) | East (138–146E),18,21,4.6,69.42222222222222,2649856070598.2095,1,0,0,12.423222285468091,2.9444389791664403,3.091042453358316,69.42222222222222
2007-01-25 23:18:53.720,Central (35–40N) | West (130–138E),1,6,4.2,23.2,125892541179.41713,0,0,0,11.100000000003451,0.6931471805599453,1.9459101490553132,23.2
2007-01-25 23:18:53.720,North (40–45N) | East (138–146E),7,18,5.0,67.1857142857143,3452282831542.2007,1,0,0,12.538106368487787,2.0794415416798357,2.9444389791664403,67.1857142857143
2007-01-25 23:18:53.720,North (40–45N) | West (130–138E),0,1,0.0,,0.0,0,0,0,0.0,0.0,0.6931471805599453,86.05303030303031
2007-01-25 23:18:53.720,South (30–35N) | East (138–146E),10,10,5.9,115.44000000000001,47690315112765.72,1,0,0,13.678430192035117,2.3978952727983707,2.3978952727983707,115.44000000000001
2007-01-25 23:18:53.720,South (30–35N) | West (130–138E),4,8,4.4,40.75,409002888648.6809,0,0,0,11.61172637529386,1.6094379124341003,2.1972245773362196,40.75
2007-02-24 23:18:53.720,Central (35–40N) | East (138–146E),13,18,4.4,78.10000000000001,1896483994068.292,0,0,0,12.277949181699121,2.6390573296152584,2.9444389791664403,78.10000000000001
2007-02-24 23:18:53.720,Central (35–40N) | West (130–138E),6,1,4.3,348.3666666666666,556286588801.0973,0,0,0,11.745298589907657,1.9459101490553132,0.6931471805599453,348.3666666666666
2007-02-24 23:18:53.720,North (40–45N) | East (138–146E),14,7,6.0,56.30714285714286,70563035094628.77,1,0,0,13.848577252629736,2.70805020110221,2.0794415416798357,56.30714285714286
2007-02-24 23:18:53.720,North (40–45N) | West (130–138E),0,0,0.0,,0.0,0,1,1,0.0,0.0,0.0,86.05303030303031
2007-02-24 23:18:53.720,South (30–35N) | East (138–146E),16,10,4.9,87.15625,4982286904109.21,1,0,0,12.69742873269151,2.833213344056216,2.3978952727983707,87.15625
2007-02-24 23:18:53.720,South (30–35N) | West (130–138E),5,4,4.4,372.62,568947692808.5518,0,0,0,11.75507234061582,1.791759469228055,1.6094379124341003,372.62
2007-03-26 23:18:53.720,Central (35–40N) | East (138–146E),12,13,4.6,50.199999999999996,1759648543541.5737,1,0,0,12.245425934381133,2.5649493574615367,2.6390573296152584,50.199999999999996
2007-03-26 23:18:53.720,Central (35–40N) | West (130–138E),26,6,6.7,39.661538461538456,717552887308545.0,1,0,0,14.85585391630469,3.295836866004329,1.9459101490553132,39.661538461538456
2007-03-26 23:18:53.720,North (40–45N) | East (138–146E),19,14,5.5,92.06315789473685,15875642643797.334,1,0,0,13.200731314499855,2.995732273553991,2.70805020110221,92.06315789473685
2007-03-26 23:18:53.720,North (40–45N) | West (130–138E),2,0,6.0,498.04999999999995,63184859541832.805,1,0,0,13.800613024402983,1.0986122886681098,0.0,498.04999999999995
2007-03-26 23:18:53.720,South (30–35N) | East (138–146E),8,16,4.5,117.2,839097009531.6918,1,1,4,11.923812173306938,2.1972245773362196,2.833213344056216,117.2
2007-03-26 23:18:53.720,South (30–35N) | West (130–138E),9,5,4.9,142.12222222222223,1870105711168.005,1,1,1,12.271866156525688,2.302585092994046,1.791759469228055,142.12222222222223
2007-04-25 23:18:53.720,Central (35–40N) | East (138–146E),19,12,5.0,53.66315789473684,5973197174519.311,1,0,0,12.776206850992306,2.995732273553991,2.5649493574615367,53.66315789473684
2007-04-25 23:18:53.720,Central (35–40N) | West (130–138E),13,26,4.8,47.36923076923078,3598223879718.3135,1,0,0,12.556088181439174,2.6390573296152584,3.295836866004329,47.36923076923078
2007-04-25 23:18:53.720,North (40–45N) | East (138–146E),7,19,5.5,95.67142857142858,13158885711858.705,1,1,1,13.119219114986185,2.0794415416798357,2.995732273553991,95.67142857142858
2007-04-25 23:18:53.720,North (40–45N) | West (130–138E),0,2,0.0,,0.0,0,0,0,0.0,0.0,1.0986122886681098,86.05303030303031
2007-04-25 23:18:53.720,South (30–35N) | East (138–146E),25,8,5.7,61.044,44359248441568.14,1,0,0,13.646984179486944,3.258096538021482,2.1972245773362196,61.044
2007-04-25 23:18:53.720,South (30–35N) | West (130–138E),7,9,5.7,156.47142857142856,25879494412707.438,1,1,3,13.412955787610432,2.0794415416798357,2.302585092994046,156.47142857142856
2007-05-25 23:18:53.720,Central (35–40N) | East (138–146E),21,19,4.6,50.533333333333324,2408564145880.8267,1,0,0,12.3817582171157,3.091042453358316,2.995732273553991,50.533333333333324
2007-05-25 23:18:53.720,Central (35–40N) | West (130–138E),11,13,5.3,139.55454545454543,6604648482505.781,1,0,0,12.819849708223055,2.4849066497880004,2.6390573296152584,139.55454545454543
2007-05-25 23:18:53.720,North (40–45N) | East (138–146E),16,7,5.5,79.96875,18356858951900.4,1,0,0,13.263798370952415,2.833213344056216,2.0794415416798357,79.96875
2007-05-25 23:18:53.720,North (40–45N) | West (130–138E),1,0,4.2,296.0,125892541179.41713,0,0,0,11.100000000003451,0.6931471805599453,0.0,296.0
2007-05-25 23:18:53.720,South (30–35N) | East (138–146E),12,25,5.0,106.90000000000002,2803472645731.871,1,0,0,12.447696322922393,2.5649493574615367,3.258096538021482,106.90000000000002
2007-05-25 23:18:53.720,South (30–35N) | West (130–138E),9,7,5.2,123.16666666666667,9467982381187.502,1,0,0,12.976257441086393,2.302585092994046,2.0794415416798357,123.16666666666667
2007-06-24 23:18:53.720,Central (35–40N) | East (138–146E),33,21,5.1,48.190909090909095,11044927461054.31,1,0,0,13.043162867933406,3.5263605246161616,3.091042453358316,48.190909090909095
2007-06-24 23:18:53.720,Central (35–40N) | West (130–138E),5,11,4.9,161.98,2021470010677.004,1,0,0,12.305667302783881,1.791759469228055,2.4849066497880004,161.98
2007-06-24 23:18:53.720,North (40–45N) | East (138–146E),13,16,5.0,94.96923076923076,4342586539860.619,1,1,1,12.63774848190552,2.6390573296152584,2.833213344056216,94.96923076923076
2007-06-24 23:18:53.720,North (40–45N) | West (130–138E),1,1,4.2,439.3,125892541179.41713,0,0,0,11.100000000003451,0.6931471805599453,0.6931471805599453,439.3
2007-06-24 23:18:53.720,South (30–35N) | East (138–146E),20,12,4.9,92.455,3558214059042.08,1,0,0,12.551232071309688,3.044522437723423,2.5649493574615367,92.455
2007-06-24 23:18:53.720,South (30–35N) | West (130–138E),18,9,4.8,134.28333333333336,4143464989887.688,1,0,0,12.617363673634072,2.9444389791664403,2.302585092994046,134.28333333333336
2007-07-24 23:18:53.720,Central (35–40N) | East (138–146E),33,33,6.6,36.63333333333333,528336849505721.2,1,0,0,14.722910902148021,3.5263605246161616,3.5263605246161616,36.63333333333333
2007-07-24 23:18:53.720,Central (35–40N) | West (130–138E),8,5,6.8,216.95,1001080705661585.1,1,0,0,15.000469091076328,2.1972245773362196,1.791759469228055,216.95
2007-07-24 23:18:53.720,North (40–45N) | East (138–146E),13,13,5.8,87.96153846153847,32952564126023.85,1,0,0,13.51788921384526,2.6390573296152584,2.6390573296152584,87.96153846153847
2007-07-24 23:18:53.720,North (40–45N) | West (130–138E),1,1,3.8,435.3,31622776601.683792,0,0,0,10.500000000013733,0.6931471805599453,0.6931471805599453,435.3
2007-07-24 23:18:53.720,South (30–35N) | East (138–146E),12,20,5.3,123.80833333333332,7251199621919.891,1,0,0,12.860409861203077,2.5649493574615367,3.044522437723423,123.80833333333332
2007-07-24 23:18:53.720,South (30–35N) | West (130–138E),4,18,4.5,120.475,441701337953.4494,1,1,2,11.645128714778776,1.6094379124341003,2.9444389791664403,120.475
2007-08-23 23:18:53.720,Central (35–40N) | East (138–146E),31,33,5.2,51.2,16549590441454.738,1,0,0,13.2187872506062,3.4657359027997265,3.5263605246161616,51.2
2007-08-23 23:18:53.720,Central (35–40N) | West (130–138E),3,8,4.6,96.8,553798875189.6105,1,0,0,11.743352069323953,1.3862943611198906,2.1972245773362196,96.8
2007-08-23 23:18:53.720,North (40–45N) | East (138–146E),5,13,5.6,86.82000000000001,16274728607409.145,1,1,1,13.211513755133506,1.791759469228055,2.6390573296152584,86.82000000000001
2007-08-23 23:18:53.720,North (40–45N) | West (130–138E),0,1,0.0,,0.0,0,0,0,0.0,0.0,0.6931471805599453,86.05303030303031
2007-08-23 23:18:53.720,South (30–35N) | East (138–146E),11,12,4.9,78.16363636363637,2462735814421.907,1,0,0,12.391417826174438,2.4849066497880004,2.5649493574615367,78.16363636363637
2007-08-23 23:18:53.720,South (30–35N) | West (130–138E),14,4,5.5,114.60000000000001,20237163895857.11,1,0,0,13.306149648944318,2.70805020110221,1.6094379124341003,114.60000000000001
2007-09-22 23:18:53.720,Central (35–40N) | East (138–146E),13,31,5.0,51.51538461538461,3982102271568.773,1,0,0,12.600112409736605,2.6390573296152584,3.4657359027997265,51.51538461538461
2007-09-22 23:18:53.720,Central (35–40N) | West (130–138E),5,3,4.3,245.56,408046832245.2384,0,0,0,11.610710010685226,1.791759469228055,1.3862943611198906,245.56
2007-09-22 23:18:53.720,North (40–45N) | East (138–146E),10,5,5.0,116.47999999999999,3091992517289.094,1,0,0,12.490238434242551,2.3978952727983707,1.791759469228055,116.47999999999999
2007-09-22 23:18:53.720,North (40–45N) | West (130–138E),1,0,4.3,263.6,177827941003.89227,0,0,0,11.250000000002442,0.6931471805599453,0.0,263.6
2007-09-22 23:18:53.720,South (30–35N) | East (138–146E),8,11,4.4,163.5125,950946233899.5239,0,0,0,11.978155962804488,2.1972245773362196,2.4849066497880004,163.5125
2007-09-22 23:18:53.720,South (30–35N) | West (130–138E),6,14,4.4,84.18333333333332,595128826871.2493,0,0,0,11.774610987146557,1.9459101490553132,2.70805020110221,84.18333333333332
2007-10-22 23:18:53.720,Central (35–40N) | East (138–146E),21,13,5.0,54.2047619047619,4430334831395.236,1,0,0,12.646436550135617,3.091042453358316,2.6390573296152584,54.2047619047619
2007-10-22 23:18:53.720,Central (35–40N) | West (130–138E),3,5,4.1,192.79999999999998,119455587546.30066,0,0,0,11.077206468729731,1.3862943611198906,1.791759469228055,192.79999999999998
2007-10-22 23:18:53.720,North (40–45N) | East (138–146E),16,10,4.6,72.50625,2747504127256.415,1,0,0,12.438938353486346,2.833213344056216,2.3978952727983707,72.50625
2007-10-22 23:18:53.720,North (40–45N) | West (130–138E),3,1,4.4,470.6666666666667,460639360756.5343,0,0,0,11.663361044851504,1.3862943611198906,0.6931471805599453,470.6666666666667
2007-10-22 23:18:53.720,South (30–35N) | East (138–146E),11,8,4.5,71.01818181818182,1384353538280.1553,1,0,0,12.141247015061039,2.4849066497880004,2.1972245773362196,71.01818181818182
2007-10-22 23:18:53.720,South (30–35N) | West (130–138E),8,6,4.8,169.2125,1657812539363.6062,1,0,0,12.219535420229736,2.1972245773362196,1.9459101490553132,169.2125
2007-11-21 23:18:53.720,Central (35–40N) | East (138–146E),8,21,4.5,67.025,1463721653707.9492,1,1,1,12.1654584976572,2.1972245773362196,3.091042453358316,67.025
2007-11-21 23:18:53.720,Central (35–40N) | West (130–138E),5,3,4.4,269.8,310897131637.7674,0,0,0,11.492616715226847,1.791759469228055,1.3862943611198906,269.8
2007-11-21 23:18:53.720,North (40–45N) | East (138–146E),8,16,4.4,116.14999999999999,882867646789.5504,0,0,0,11.945895602131559,2.1972245773362196,2.833213344056216,116.14999999999999
2007-11-21 23:18:53.720,North (40–45N) | West (130–138E),2,3,4.3,363.45,355655882007.78455,0,0,0,11.551029995665202,1.0986122886681098,1.3862943611198906,363.45
2007-11-21 23:18:53.720,South (30–35N) | East (138–146E),15,11,5.0,102.93333333333335,5249232484631.394,1,1,1,12.720095807776156,2.772588722239781,2.4849066497880004,102.93333333333335
2007-11-21 23:18:53.720,South (30–35N) | West (130–138E),2,8,4.3,19.75,266953034817.26666,0,0,0,11.426434862438112,1.0986122886681098,2.1972245773362196,19.75
2007-12-21 23:18:53.720,Central (35–40N) | East (138–146E),20,8,5.9,43.559999999999995,47359461150811.93,1,1,1,13.675406752402367,3.044522437723423,2.1972245773362196,43.559999999999995
2007-12-21 23:18:53.720,Central (35–40N) | West (130–138E),3,5,4.2,123.16666666666669,377677623538.2514,0,0,0,11.577121254720813,1.3862943611198906,1.791759469228055,123.16666666666669
2007-12-21 23:18:53.720,North (40–45N) | East (138–146E),11,8,4.6,65.23636363636363,1397946550607.6082,1,0,0,12.145490566817747,2.4849066497880004,2.1972245773362196,65.23636363636363
2007-12-21 23:18:53.720,North (40–45N) | West (130–138E),2,2,4.6,498.45,856000622860.8475,1,0,0,11.932474080688094,1.0986122886681098,1.0986122886681098,498.45
2007-12-21 23:18:53.720,South (30–35N) | East (138–146E),15,15,5.3,118.43999999999997,10050873638656.582,1,0,0,13.002203812996102,2.772588722239781,2.772588722239781,118.43999999999997
2007-12-21 23:18:53.720,South (30–35N) | West (130–138E),7,2,4.4,193.6,502849883553.24426,0,0,0,11.701438353894092,2.0794415416798357,1.0986122886681098,193.6
2008-01-20 23:18:53.720,Central (35–40N) | East (138–146E),18,20,6.1,42.89444444444444,92132940959650.72,1,0,0,13.964414934422937,2.9444389791664403,3.044522437723423,42.89444444444444
2008-01-20 23:18:53.720,Central (35–40N) | West (130–138E),1,3,3.6,276.5,15848931924.611109,0,0,0,10.200000000027401,0.6931471805599453,1.3862943611198906,276.5
2008-01-20 23:18:53.720,North (40–45N) | East (138–146E),11,11,4.9,58.5,2360087318524.9087,1,0,0,12.372928071297412,2.4849066497880004,2.4849066497880004,58.5
2008-01-20 23:18:53.720,North (40–45N) | West (130–138E),0,2,0.0,,0.0,0,0,0,0.0,0.0,1.0986122886681098,86.05303030303031
2008-01-20 23:18:53.720,South (30–35N) | East (138–146E),11,15,4.5,168.91818181818184,641322485822.7832,1,0,0,11.807076467264801,2.4849066497880004,2.772588722239781,168.91818181818184
2008-01-20 23:18:53.720,South (30–35N) | West (130–138E),12,7,4.9,154.26666666666668,2341808377346.446,1,0,0,12.369551355268642,2.5649493574615367,2.0794415416798357,154.26666666666668
2008-02-19 23:18:53.720,Central (35–40N) | East (138–146E),23,18,4.9,46.50869565217391,3534855032729.4233,1,0,0,12.548371607729466,3.1780538303479458,2.9444389791664403,46.50869565217391
2008-02-19 23:18:53.720,Central (35–40N) | West (130–138E),3,1,4.6,218.86666666666665,682996246336.6989,1,0,0,11.834418316859711,1.3862943611198906,0.6931471805599453,218.86666666666665
2008-02-19 23:18:53.720,North (40–45N) | East (138–146E),9,11,4.9,99.27777777777777,2574887075650.394,1,0,0,12.410758187359011,2.302585092994046,2.4849066497880004,99.27777777777777
2008-02-19 23:18:53.720,North (40–45N) | West (130–138E),1,0,4.0,279.9,63095734448.019424,0,0,0,10.800000000006884,0.6931471805599453,0.0,279.9
2008-02-19 23:18:53.720,South (30–35N) | East (138–146E),18,11,5.0,113.37222222222222,3589246162916.828,1,1,1,12.555003244772568,2.9444389791664403,2.4849066497880004,113.37222222222222
2008-02-19 23:18:53.720,South (30–35N) | West (130–138E),11,12,4.2,230.9272727272727,554132300326.2065,0,0,0,11.74361346588815,2.4849066497880004,2.5649493574615367,230.9272727272727
2008-03-20 23:18:53.720,Central (35–40N) | East (138–146E),26,23,5.2,53.80769230769231,8017039476553.323,1,1,1,12.904014022103999,3.295836866004329,3.1780538303479458,53.80769230769231
2008-03-20 23:18:53.720,Central (35–40N) | West (130–138E),3,3,4.4,164.9,492112318602.8699,0,0,0,11.692064236472254,1.3862943611198906,1.3862943611198906,164.9
2008-03-20 23:18:53.720,North (40–45N) | East (138–146E),12,9,4.5,125.64999999999999,1044873338178.3065,1,0,0,12.01906364751522,2.5649493574615367,2.302585092994046,125.64999999999999
2008-03-20 23:18:53.720,North (40–45N) | West (130–138E),1,1,4.6,431.3,501187233627.2715,1,0,0,11.700000000000866,0.6931471805599453,0.6931471805599453,431.3
2008-03-20 23:18:53.720,South (30–35N) | East (138–146E),10,18,5.0,78.67999999999999,3128923095942.1694,1,1,1,12.495394888995358,2.3978952727983707,2.9444389791664403,78.67999999999999
2008-03-20 23:18:53.720,South (30–35N) | West (130–138E),12,11,5.1,134.13333333333335,4059969285001.218,1,0,0,12.608522748009582,2.5649493574615367,2.4849066497880004,134.13333333333335
2008-04-19 23:18:53.720,Central (35–40N) | East (138–146E),23,26,5.8,61.54347826086956,40157128994283.375,1,1,1,13.603762655668076,3.1780538303479458,3.295836866004329,61.54347826086956
2008-04-19 23:18:53.720,Central (35–40N) | West (130–138E),9,3,4.6,148.70000000000002,827085262039.1511,1,0,0,11.917550282134028,2.302585092994046,1.3862943611198906,148.70000000000002
2008-04-19 23:18:53.720,North (40–45N) | East (138–146E),11,12,4.6,108.27272727272727,1259091603215.1675,1,1,1,12.100057327664738,2.4849066497880004,2.5649493574615367,108.27272727272727
2008-04-19 23:18:53.720,North (40–45N) | West (130–138E),1,1,4.6,436.4,501187233627.2715,1,0,0,11.700000000000866,0.6931471805599453,0.6931471805599453,436.4
2008-04-19 23:18:53.720,South (30–35N) | East (138–146E),6,10,5.0,66.10000000000001,2968487510797.2397,1,1,1,12.472535226075681,1.9459101490553132,2.3978952727983707,66.10000000000001
2008-04-19 23:18:53.720,South (30–35N) | West (130–138E),9,12,4.3,211.14444444444445,851762530530.7223,0,0,0,11.930318531322103,2.302585092994046,2.5649493574615367,211.14444444444445
2008-05-19 23:18:53.720,Central (35–40N) | East (138–146E),108,23,6.9,36.20648148148148,1704603784418600.2,1,1,1,15.231623448291897,4.6913478822291435,3.1780538303479458,36.20648148148148
2008-05-19 23:18:53.720,Central (35–40N) | West (130–138E),3,9,4.1,309.26666666666665,112917308085.2283,0,0,0,11.052760516151892,1.3862943611198906,2.302585092994046,309.26666666666665
2008-05-19 23:18:53.720,North (40–45N) | East (138–146E),14,11,5.8,85.71428571428571,38047644607616.56,1,0,0,13.580327776334533,2.70805020110221,2.4849066497880004,85.71428571428571
2008-05-19 23:18:53.720,North (40–45N) | West (130–138E),1,1,5.7,513.4,22387211385683.47,1,0,0,13.350000000000021,0.6931471805599453,0.6931471805599453,513.4
2008-05-19 23:18:53.720,South (30–35N) | East (138–146E),6,6,5.1,149.91666666666666,3517751625460.5195,1,1,1,12.546265172387084,1.9459101490553132,1.9459101490553132,149.91666666666666
2008-05-19 23:18:53.720,South (30–35N) | West (130–138E),11,9,5.0,171.32727272727277,2840550549018.6675,1,0,0,12.45340252216986,2.4849066497880004,2.302585092994046,171.32727272727277
2008-06-18 23:18:53.720,Central (35–40N) | East (138–146E),126,108,6.9,16.665079365079368,1465584671968245.8,1,0,0,15.166010914215137,4.844187086458591,4.6913478822291435,16.665079365079368
2008-06-18 23:18:53.720,Central (35–40N) | West (130–138E),1,3,4.3,12.7,177827941003.89227,0,0,0,11.250000000002442,0.6931471805599453,1.3862943611198906,12.7
2008-06-18 23:18:53.720,North (40–45N) | East (138–146E),11,14,5.7,122.4818181818182,24363792092050.777,1,1,1,13.386744884801642,2.4849066497880004,2.70805020110221,122.4818181818182
2008-06-18 23:18:53.720,North (40–45N) | West (130–138E),2,1,3.8,323.55,39566058948.92658,0,0,0,10.597322793719671,1.0986122886681098,0.6931471805599453,323.55
2008-06-18 23:18:53.720,South (30–35N) | East (138–146E),14,6,5.8,72.47142857142858,34872639260993.07,1,0,0,13.542484817267301,2.70805020110221,1.9459101490553132,72.47142857142858
2008-06-18 23:18:53.720,South (30–35N) | West (130–138E),7,11,4.7,204.04285714285717,1432374001831.9292,1,0,0,12.15605642979102,2.0794415416798357,2.4849066497880004,204.04285714285717
2008-07-18 23:18:53.720,Central (35–40N) | East (138–146E),45,126,5.1,35.40666666666667,8480796943749.839,1,1,7,12.928436664993848,3.828641396489095,4.844187086458591,35.40666666666667
2008-07-18 23:18:53.720,Central (35–40N) | West (130–138E),3,1,4.2,348.43333333333334,237404846378.47498,0,0,0,11.375489580391022,1.3862943611198906,0.6931471805599453,348.43333333333334
2008-07-18 23:18:53.720,North (40–45N) | East (138–146E),8,11,5.5,79.1875,11831401104680.105,1,0,0,13.073036177933135,2.1972245773362196,2.4849066497880004,79.1875
2008-07-18 23:18:53.720,North (40–45N) | West (130–138E),0,2,0.0,,0.0,0,0,0,0.0,0.0,1.0986122886681098,86.05303030303031
2008-07-18 23:18:53.720,South (30–35N) | East (138–146E),14,14,4.7,138.03571428571428,1400858767282.668,1,0,0,12.146394352501192,2.70805020110221,2.70805020110221,138.03571428571428
2008-07-18 23:18:53.720,South (30–35N) | West (130–138E),6,7,4.1,287.7166666666667,202381325624.4662,0,0,0,11.306170436270639,1.9459101490553132,2.0794415416798357,287.7166666666667
2008-08-17 23:18:53.720,Central (35–40N) | East (138–146E),58,45,7.0,31.425862068965515,3085363668145618.5,1,1,1,15.489306361160338,4.07753744390572,3.828641396489095,31.425862068965515
2008-08-17 23:18:53.720,Central (35–40N) | West (130–138E),4,3,4.7,212.925,925781802308.1962,1,0,0,11.966508639792684,1.6094379124341003,1.3862943611198906,212.925
2008-08-17 23:18:53.720,North (40–45N) | East (138–146E),16,8,5.4,83.20625000000001,9736067091967.72,1,0,0,12.988383557988175,2.833213344056216,2.1972245773362196,83.20625000000001
2008-08-17 23:18:53.720,North (40–45N) | West (130–138E),0,0,0.0,,0.0,0,0,0,0.0,0.0,0.0,86.05303030303031
2008-08-17 23:18:53.720,South (30–35N) | East (138–146E),9,14,4.3,129.97777777777776,787371472554.4374,0,0,0,11.896179675711775,2.302585092994046,2.70805020110221,129.97777777777776
2008-08-17 23:18:53.720,South (30–35N) | West (130–138E),3,6,4.5,134.16666666666666,503093141798.67664,1,0,0,11.701648397033843,1.3862943611198906,1.9459101490553132,134.16666666666666
2008-09-16 23:18:53.720,Central (35–40N) | East (138–146E),35,58,5.2,47.31714285714286,8620534287220.563,1,0,0,12.935534183551075,3.58351893845611,4.07753744390572,47.31714285714286
2008-09-16 23:18:53.720,Central (35–40N) | West (130–138E),2,4,4.0,136.2,85482945833.7029,0,0,0,10.931879480007144,1.0986122886681098,1.6094379124341003,136.2
2008-09-16 23:18:53.720,North (40–45N) | East (138–146E),34,16,6.8,57.279411764705884,1015831770691606.0,1,1,2,15.006821791501322,3.5553480614894135,2.833213344056216,57.279411764705884
2008-09-16 23:18:53.720,North (40–45N) | West (130–138E),0,0,0.0,,0.0,0,0,0,0.0,0.0,0.0,86.05303030303031
2008-09-16 23:18:53.720,South (30–35N) | East (138–146E),15,9,4.5,101.6,2100291833917.8154,1,0,0,12.322279643807645,2.772588722239781,2.302585092994046,101.6
2008-09-16 23:18:53.720,South (30–35N) | West (130–138E),8,3,5.3,172.1375,6432983116970.172,1,0,0,12.808412411618637,2.1972245773362196,1.3862943611198906,172.1375
2008-10-16 23:18:53.720,Central (35–40N) | East (138–146E),22,35,4.9,36.404545454545456,4990216593847.894,1,1,2,12.698119396018573,3.1354942159291497,3.58351893845611,36.404545454545456
2008-10-16 23:18:53.720,Central (35–40N) | West (130–138E),3,2,4.2,96.26666666666667,141779105873.9027,0,0,0,11.151612233161305,1.3862943611198906,1.0986122886681098,96.26666666666667
2008-10-16 23:18:53.720,North (40–45N) | East (138–146E),21,34,5.6,64.76190476190477,20221259709551.777,1,0,0,13.305808207034731,3.091042453358316,3.5553480614894135,64.76190476190477
2008-10-16 23:18:53.720,North (40–45N) | West (130–138E),0,0,0.0,,0.0,0,1,1,0.0,0.0,0.0,86.05303030303031
2008-10-16 23:18:53.720,South (30–35N) | East (138–146E),8,15,5.7,130.2375,23191485982652.816,1,1,1,13.365328576727292,2.1972245773362196,2.772588722239781,130.2375
2008-10-16 23:18:53.720,South (30–35N) | West (130–138E),14,8,4.7,158.1214285714286,1372969063589.142,1,0,0,12.137660751611513,2.70805020110221,2.1972245773362196,158.1214285714286
2008-11-15 23:18:53.720,Central (35–40N) | East (138–146E),38,22,5.1,44.694736842105264,9679677958339.53,1,1,1,12.985860908626348,3.6635616461296463,3.1354942159291497,44.694736842105264
2008-11-15 23:18:53.720,Central (35–40N) | West (130–138E),3,3,4.5,335.8,393049532543.8706,1,0,0,11.594447284104154,1.3862943611198906,1.3862943611198906,335.8
2008-11-15 23:18:53.720,North (40–45N) | East (138–146E),16,21,4.7,81.86875,2588703396866.0186,1,1,1,12.41308229358546,2.833213344056216,3.091042453358316,81.86875
2008-11-15 23:18:53.720,North (40–45N) | West (130–138E),1,0,5.0,558.7,1995262314968.8828,1,0,0,12.30000000000022,0.6931471805599453,0.0,558.7
2008-11-15 23:18:53.720,South (30–35N) | East (138–146E),16,8,5.0,121.88125,3719467946935.7905,1,0,0,12.570480820463823,2.833213344056216,2.1972245773362196,121.88125
2008-11-15 23:18:53.720,South (30–35N) | West (130–138E),9,14,4.5,204.9333333333333,923921400397.224,1,0,0,11.965635026604016,2.302585092994046,2.70805020110221,204.9333333333333
2008-12-15 23:18:53.720,Central (35–40N) | East (138–146E),43,38,5.8,31.972093023255812,58534131525823.49,1,1,8,13.767409179086712,3.784189633918261,3.6635616461296463,31.972093023255812
2008-12-15 23:18:53.720,Central (35–40N) | West (130–138E),4,3,4.0,220.07500000000002,138094587396.04187,0,0,0,11.140176656785265,1.6094379124341003,1.3862943611198906,220.07500000000002
2008-12-15 23:18:53.720,North (40–45N) | East (138–146E),18,16,5.2,75.32777777777777,6683260004750.715,1,0,0,12.824988357193186,2.9444389791664403,2.833213344056216,75.32777777777777
2008-12-15 23:18:53.720,North (40–45N) | West (130–138E),1,1,3.7,273.0,22387211385.683468,0,0,0,10.350000000019401,0.6931471805599453,0.6931471805599453,273.0
2008-12-15 23:18:53.720,South (30–35N) | East (138–146E),13,16,4.9,166.39999999999998,2432301159957.5645,1,0,0,12.38601734692089,2.6390573296152584,2.833213344056216,166.39999999999998
2008-12-15 23:18:53.720,South (30–35N) | West (130–138E),4,9,4.3,268.275,231913016238.79797,0,0,0,11.365325124327859,1.6094379124341003,2.302585092994046,268.275
2009-01-14 23:18:53.720,Central (35–40N) | East (138–146E),59,43,6.3,26.27796610169491,266950961474091.1,1,0,0,14.426431489389998,4.0943445622221,3.784189633918261,26.27796610169491
2009-01-14 23:18:53.720,Central (35–40N) | West (130–138E),3,4,4.4,321.06666666666666,322227659946.22046,0,0,0,11.508162817420429,1.3862943611198906,1.6094379124341003,321.06666666666666
2009-01-14 23:18:53.720,North (40–45N) | East (138–146E),19,18,4.9,68.26315789473684,4427844537402.483,1,0,0,12.646192364299491,2.995732273553991,2.9444389791664403,68.26315789473684
2009-01-14 23:18:53.720,North (40–45N) | West (130–138E),1,1,4.0,520.4,63095734448.019424,0,0,0,10.800000000006884,0.6931471805599453,0.6931471805599453,520.4
2009-01-14 23:18:53.720,South (30–35N) | East (138–146E),12,13,5.1,125.83333333333333,4792212086657.862,1,1,1,12.680536030171616,2.5649493574615367,2.6390573296152584,125.83333333333333
2009-01-14 23:18:53.720,South (30–35N) | West (130–138E),2,4,4.2,238.35000000000002,127887803494.38602,0,0,0,11.10682912831585,1.0986122886681098,1.6094379124341003,238.35000000000002
2009-02-13 23:18:53.720,Central (35–40N) | East (138–146E),10,59,5.7,64.75,26621303926167.395,1,0,0,13.425229323643201,2.3978952727983707,4.0943445622221,64.75
2009-02-13 23:18:53.720,Central (35–40N) | West (130–138E),0,3,0.0,,0.0,0,0,0,0.0,0.0,1.3862943611198906,86.05303030303031
2009-02-13 23:18:53.720,North (40–45N) | East (138–146E),5,19,4.7,62.55999999999999,1289183196800.3848,1,1,2,12.11031463628802,1.791759469228055,2.995732273553991,62.55999999999999
2009-02-13 23:18:53.720,North (40–45N) | West (130–138E),0,1,0.0,,0.0,0,0,0,0.0,0.0,0.6931471805599453,86.05303030303031
2009-02-13 23:18:53.720,South (30–35N) | East (138–146E),9,12,5.1,64.47777777777777,6340327395982.868,1,0,0,12.802111684159033,2.302585092994046,2.5649493574615367,64.47777777777777
2009-02-13 23:18:53.720,South (30–35N) | West (130–138E),4,2,4.7,210.575,1815135050395.946,1,0,0,12.258908943124311,1.6094379124341003,1.0986122886681098,210.575
2009-03-15 23:18:53.720,Central (35–40N) | East (138–146E),8,10,4.9,47.0125,2677707319663.8496,1,0,0,12.427763105760024,2.1972245773362196,2.3978952727983707,47.0125
2009-03-15 23:18:53.720,Central (35–40N) | West (130–138E),1,0,4.9,18.2,1412537544622.7554,1,0,0,12.150000000000308,0.6931471805599453,0.0,18.2
2009-03-15 23:18:53.720,North (40–45N) | East (138–146E),8,5,5.7,47.95,48640297805993.22,1,1,1,13.68699622529231,2.1972245773362196,1.791759469228055,47.95
2009-03-15 23:18:53.720,North (40–45N) | West (130–138E),1,0,5.2,428.8,3981071705534.9854,1,0,0,12.60000000000011,0.6931471805599453,0.0,428.8
2009-03-15 23:18:53.720,South (30–35N) | East (138–146E),3,9,4.1,166.9,178461812243.56674,0,0,0,11.251545298847327,1.3862943611198906,2.302585092994046,166.9
2009-03-15 23:18:53.720,South (30–35N) | West (130–138E),1,4,4.3,393.0,177827941003.89227,0,0,0,11.250000000002442,0.6931471805599453,1.6094379124341003,393.0
2009-04-14 23:18:53.720,Central (35–40N) | East (138–146E),13,8,4.5,38.9076923076923,2239461384988.5566,1,1,2,12.350143578309826,2.6390573296152584,2.1972245773362196,38.9076923076923
2009-04-14 23:18:53.720,Central (35–40N) | West (130–138E),0,1,0.0,,0.0,0,0,0,0.0,0.0,0.6931471805599453,86.05303030303031
2009-04-14 23:18:53.720,North (40–45N) | East (138–146E),3,8,5.0,54.73333333333333,3658988502742.596,1,1,1,12.56336104485068,1.3862943611198906,2.1972245773362196,54.73333333333333
2009-04-14 23:18:53.720,North (40–45N) | West (130–138E),1,1,4.5,522.0,354813389233.57605,1,0,0,11.550000000001225,0.6931471805599453,0.6931471805599453,522.0
2009-04-14 23:18:53.720,South (30–35N) | East (138–146E),6,3,4.7,100.63333333333333,1260490853868.4148,1,0,0,12.100539698780054,1.9459101490553132,1.3862943611198906,100.63333333333333
2009-04-14 23:18:53.720,South (30–35N) | West (130–138E),4,1,5.8,141.975,32088982879827.543,1,0,0,13.506355951539925,1.6094379124341003,0.6931471805599453,141.975
2009-05-14 23:18:53.720,Central (35–40N) | East (138–146E),9,13,5.3,35.63333333333333,14667019523253.72,1,0,0,13.166341870072824,2.302585092994046,2.6390573296152584,35.63333333333333
2009-05-14 23:18:53.720,Central (35–40N) | West (130–138E),0,0,0.0,,0.0,0,0,0,0.0,0.0,0.0,86.05303030303031
2009-05-14 23:18:53.720,North (40–45N) | East (138–146E),7,3,5.2,44.17142857142858,6193918263078.263,1,0,0,12.791965469970096,2.0794415416798357,1.3862943611198906,44.17142857142858
2009-05-14 23:18:53.720,North (40–45N) | West (130–138E),1,1,4.9,564.2,1412537544622.7554,1,0,0,12.150000000000308,0.6931471805599453,0.6931471805599453,564.2
2009-05-14 23:18:53.720,South (30–35N) | East (138–146E),0,6,0.0,,0.0,0,0,0,0.0,0.0,1.9459101490553132,86.05303030303031
2009-05-14 23:18:53.720,South (30–35N) | West (130–138E),2,4,4.9,30.15,1590365485626.6477,1,0,0,12.201496942025504,1.0986122886681098,1.6094379124341003,30.15
2009-06-13 23:18:53.720,Central (35–40N) | East (138–146E),11,9,5.8,36.32727272727272,35209231397923.39,1,1,3,13.546656544715638,2.4849066497880004,2.302585092994046,36.32727272727272
2009-06-13 23:18:53.720,Central (35–40N) | West (130–138E),0,0,0.0,,0.0,0,0,0,0.0,0.0,0.0,86.05303030303031
2009-06-13 23:18:53.720,North (40–45N) | East (138–146E),6,7,6.4,105.71666666666665,253724134353260.12,1,0,0,14.404361779472149,1.9459101490553132,2.0794415416798357,105.71666666666665
2009-06-13 23:18:53.720,North (40–45N) | West (130–138E),1,1,4.5,343.5,354813389233.57605,1,0,0,11.550000000001225,0.6931471805599453,0.6931471805599453,343.5
2009-06-13 23:18:53.720,South (30–35N) | East (138–146E),1,0,4.3,438.0,177827941003.89227,0,1,1,11.250000000002442,0.6931471805599453,0.0,438.0
2009-06-13 23:18:53.720,South (30–35N) | West (130–138E),1,2,5.1,351.5,2818382931264.449,1,0,0,12.450000000000154,0.6931471805599453,1.0986122886681098,351.5
2009-07-13 23:18:53.720,Central (35–40N) | East (138–146E),14,11,5.6,29.592857142857138,26685811619501.12,1,0,0,13.426280415927724,2.70805020110221,2.4849066497880004,29.592857142857138
2009-07-13 23:18:53.720,Central (35–40N) | West (130–138E),0,0,0.0,,0.0,0,0,0,0.0,0.0,0.0,86.05303030303031
2009-07-13 23:18:53.720,North (40–45N) | East (138–146E),5,6,4.9,79.94000000000001,1837005897221.123,1,0,0,12.264110550495745,1.791759469228055,1.9459101490553132,79.94000000000001
2009-07-13 23:18:53.720,North (40–45N) | West (130–138E),1,1,4.1,574.4,89125093813.3744,0,1,1,10.950000000004872,0.6931471805599453,0.6931471805599453,574.4
2009-07-13 23:18:53.720,South (30–35N) | East (138–146E),4,1,5.1,40.425,3351866754276.1255,1,0,0,12.525286745927103,1.6094379124341003,0.6931471805599453,40.425
2009-07-13 23:18:53.720,South (30–35N) | West (130–138E),4,1,4.5,57.575,794990308011.9708,1,0,0,11.90036183406258,1.6094379124341003,0.6931471805599453,57.575
2009-08-12 23:18:53.720,Central (35–40N) | East (138–146E),11,14,5.0,51.49090909090909,4482124116854.112,1,0,0,12.65148387864236,2.4849066497880004,2.70805020110221,51.49090909090909
2009-08-12 23:18:53.720,Central (35–40N) | West (130–138E),0,0,0.0,,0.0,0,0,0,0.0,0.0,0.0,86.05303030303031
2009-08-12 23:18:53.720,North (40–45N) | East (138–146E),4,5,4.7,97.5,1100791360380.824,1,1,1,12.04170501232201,1.6094379124341003,1.791759469228055,97.5
2009-08-12 23:18:53.720,North (40–45N) | West (130–138E),2,1,5.3,525.1,6623413251903.491,1,0,0,12.821081852649598,1.0986122886681098,0.6931471805599453,525.1
2009-08-12 23:18:53.720,South (30–35N) | East (138–146E),8,4,6.6,72.69999999999999,629447096955263.9,1,0,0,14.798959234895213,2.1972245773362196,1.6094379124341003,72.69999999999999
2009-08-12 23:18:53.720,South (30–35N) | West (130–138E),5,4,7.1,92.66,2821162023552806.5,1,0,0,15.450428029053016,1.791759469228055,1.6094379124341003,92.66
2009-09-11 23:18:53.720,Central (35–40N) | East (138–146E),14,11,4.8,46.60714285714285,4084273971964.2417,1,0,0,12.611114866745403,2.70805020110221,2.4849066497880004,46.60714285714285
2009-09-11 23:18:53.720,Central (35–40N) | West (130–138E),0,0,0.0,,0.0,0,0,0,0.0,0.0,0.0,86.05303030303031
2009-09-11 23:18:53.720,North (40–45N) | East (138–146E),7,4,5.3,65.31428571428572,7663088799635.93,1,0,0,12.884403858176922,2.0794415416798357,1.6094379124341003,65.31428571428572
2009-09-11 23:18:53.720,North (40–45N) | West (130–138E),1,2,4.1,449.3,89125093813.3744,0,0,0,10.950000000004872,0.6931471805599453,1.0986122886681098,449.3
2009-09-11 23:18:53.720,South (30–35N) | East (138–146E),12,8,4.9,56.46666666666666,4567829014166.914,1,0,0,12.659709838759424,2.5649493574615367,2.1972245773362196,56.46666666666666
2009-09-11 23:18:53.720,South (30–35N) | West (130–138E),3,5,6.2,214.70000000000002,126310450303098.73,1,0,0,14.10143928342325,1.3862943611198906,1.791759469228055,214.70000000000002
2009-10-11 23:18:53.720,Central (35–40N) | East (138–146E),6,14,4.5,56.20000000000001,1087972702194.5925,1,0,0,12.036617998823054,1.9459101490553132,2.70805020110221,56.20000000000001
2009-10-11 23:18:53.720,Central (35–40N) | West (130–138E),0,0,0.0,,0.0,0,0,0,0.0,0.0,0.0,86.05303030303031
2009-10-11 23:18:53.720,North (40–45N) | East (138–146E),8,7,5.1,47.362500000000004,5594322404208.372,1,0,0,12.7477474914124,2.1972245773362196,2.0794415416798357,47.362500000000004
2009-10-11 23:18:53.720,North (40–45N) | West (130–138E),0,1,0.0,,0.0,0,0,0,0.0,0.0,0.6931471805599453,86.05303030303031
2009-10-11 23:18:53.720,South (30–35N) | East (138–146E),2,12,4.6,38.5,627079774806.6886,1,0,0,11.797322793709387,1.0986122886681098,2.5649493574615367,38.5
2009-10-11 23:18:53.720,South (30–35N) | West (130–138E),1,3,4.6,353.8,501187233627.2715,1,0,0,11.700000000000866,0.6931471805599453,1.3862943611198906,353.8
2009-11-10 23:18:53.720,Central (35–40N) | East (138–146E),9,6,4.9,36.888888888888886,3334594625947.238,1,0,0,12.523043045924435,2.302585092994046,1.9459101490553132,36.888888888888886
2009-11-10 23:18:53.720,Central (35–40N) | West (130–138E),0,0,0.0,,0.0,0,0,0,0.0,0.0,0.0,86.05303030303031
2009-11-10 23:18:53.720,North (40–45N) | East (138–146E),4,8,4.6,54.35,1285017207015.698,1,0,0,12.10890894312441,1.6094379124341003,2.1972245773362196,54.35
2009-11-10 23:18:53.720,North (40–45N) | West (130–138E),0,0,0.0,,0.0,0,0,0,0.0,0.0,0.0,86.05303030303031
2009-11-10 23:18:53.720,South (30–35N) | East (138–146E),5,2,4.7,43.779999999999994,1300044603707.3074,1,0,0,12.113958252931514,1.791759469228055,1.0986122886681098,43.779999999999994
2009-11-10 23:18:53.720,South (30–35N) | West (130–138E),2,1,4.8,102.39999999999999,1089125093813.3744,1,0,0,12.03707776445112,1.0986122886681098,0.6931471805599453,102.39999999999999
2009-12-10 23:18:53.720,Central (35–40N) | East (138–146E),7,9,5.1,39.88571428571429,4458319025313.232,1,1,1,12.649171142200808,2.0794415416798357,2.302585092994046,39.88571428571429
2009-12-10 23:18:53.720,Central (35–40N) | West (130–138E),0,0,0.0,,0.0,0,0,0,0.0,0.0,0.0,86.05303030303031
2009-12-10 23:18:53.720,North (40–45N) | East (138–146E),3,4,4.4,80.46666666666665,518141677968.22485,0,0,0,11.714448527210983,1.3862943611198906,1.6094379124341003,80.46666666666665
2009-12-10 23:18:53.720,North (40–45N) | West (130–138E),1,0,4.9,298.2,1412537544622.7554,1,1,2,12.150000000000308,0.6931471805599453,0.0,298.2
2009-12-10 23:18:53.720,South (30–35N) | East (138–146E),2,5,4.5,16.15,480705930412.99316,1,1,2,11.681879480002966,1.0986122886681098,1.791759469228055,16.15
2009-12-10 23:18:53.720,South (30–35N) | West (130–138E),2,2,4.9,238.20000000000002,2120483329006.8955,1,0,0,12.32643486243669,1.0986122886681098,1.0986122886681098,238.20000000000002
2010-01-09 23:18:53.720,Central (35–40N) | East (138–146E),5,7,5.1,40.94,3728105445832.2925,1,1,1,12.571488187452305,1.791759469228055,2.0794415416798357,40.94
2010-01-09 23:18:53.720,Central (35–40N) | West (130–138E),0,0,0.0,,0.0,0,0,0,0.0,0.0,0.0,86.05303030303031
2010-01-09 23:18:53.720,North (40–45N) | East (138–146E),8,3,5.0,62.625,4547876641602.193,1,1,1,12.65780867620092,2.1972245773362196,1.3862943611198906,62.625
2010-01-09 23:18:53.720,North (40–45N) | West (130–138E),2,1,6.3,393.5,198011604640707.88,1,0,0,14.296690643209711,1.0986122886681098,0.6931471805599453,393.5
2010-01-09 23:18:53.720,South (30–35N) | East (138–146E),8,2,5.2,23.7875,9751959563668.441,1,0,0,12.98909189181955,2.1972245773362196,1.0986122886681098,23.7875
2010-01-09 23:18:53.720,South (30–35N) | West (130–138E),3,2,4.6,179.16666666666666,930203817782.1221,1,0,0,11.96857811762953,1.3862943611198906,1.0986122886681098,179.16666666666666
2010-02-08 23:18:53.720,Central (35–40N) | East (138–146E),9,5,5.6,52.64444444444444,18291258136302.74,1,0,0,13.26224357878763,2.302585092994046,1.791759469228055,52.64444444444444
2010-02-08 23:18:53.720,Central (35–40N) | West (130–138E),0,0,0.0,,0.0,0,0,0,0.0,0.0,0.0,86.05303030303031
2010-02-08 23:18:53.720,North (40–45N) | East (138–146E),6,8,5.0,76.48333333333333,2707686758084.251,1,1,1,12.432598421053099,1.9459101490553132,2.1972245773362196,76.48333333333333
2010-02-08 23:18:53.720,North (40–45N) | West (130–138E),1,2,5.2,382.5,3981071705534.9854,1,1,1,12.60000000000011,0.6931471805599453,1.0986122886681098,382.5
2010-02-08 23:18:53.720,South (30–35N) | East (138–146E),6,8,4.4,25.28333333333333,962922653789.3839,0,0,0,11.983591404070447,1.9459101490553132,2.1972245773362196,25.28333333333333
2010-02-08 23:18:53.720,South (30–35N) | West (130–138E),4,3,5.5,214.05,11775093668353.922,1,0,0,13.070964370534512,1.6094379124341003,1.3862943611198906,214.05
2010-03-10 23:18:53.720,Central (35–40N) | East (138–146E),6,9,5.1,60.83333333333332,4477759295455.544,1,1,2,12.65106074411915,1.9459101490553132,2.302585092994046,60.83333333333332
2010-03-10 23:18:53.720,Central (35–40N) | West (130–138E),0,0,0.0,,0.0,0,0,0,0.0,0.0,0.0,86.05303030303031
2010-03-10 23:18:53.720,North (40–45N) | East (138–146E),7,6,5.3,49.48571428571428,6519232553409.967,1,0,0,12.814196473425788,2.0794415416798357,1.9459101490553132,49.48571428571428
2010-03-10 23:18:53.720,North (40–45N) | West (130–138E),2,1,6.9,573.8,1412892358011994.8,1,0,0,15.150109076142869,1.0986122886681098,0.6931471805599453,573.8
2010-03-10 23:18:53.720,South (30–35N) | East (138–146E),9,6,5.6,38.388888888888886,18146559397302.566,1,1,1,13.258794294583668,2.302585092994046,1.9459101490553132,38.388888888888886
2010-03-10 23:18:53.720,South (30–35N) | West (130–138E),1,4,4.1,10.0,89125093813.3744,0,0,0,10.950000000004872,0.6931471805599453,1.6094379124341003,10.0
2010-04-09 23:18:53.720,Central (35–40N) | East (138–146E),11,6,6.5,48.83636363636364,372389301775863.7,1,0,0,14.570997195815087,2.4849066497880004,1.9459101490553132,48.83636363636364
2010-04-09 23:18:53.720,Central (35–40N) | West (130–138E),0,0,0.0,,0.0,0,0,0,0.0,0.0,0.0,86.05303030303031
2010-04-09 23:18:53.720,North (40–45N) | East (138–146E),5,7,5.7,41.44,24265955208449.973,1,0,0,13.38499739161645,1.791759469228055,2.0794415416798357,41.44
2010-04-09 23:18:53.720,North (40–45N) | West (130–138E),0,2,0.0,,0.0,0,0,0,0.0,0.0,1.0986122886681098,86.05303030303031
2010-04-09 23:18:53.720,South (30–35N) | East (138–146E),9,9,5.2,58.911111111111104,6528260556475.605,1,0,0,12.814797479689094,2.302585092994046,2.302585092994046,58.911111111111104
2010-04-09 23:18:53.720,South (30–35N) | West (130–138E),0,1,0.0,,0.0,0,0,0,0.0,0.0,0.6931471805599453,86.05303030303031
2010-05-09 23:18:53.720,Central (35–40N) | East (138–146E),9,11,4.8,43.477777777777774,2673557653686.2393,1,0,0,12.427089553840608,2.302585092994046,2.4849066497880004,43.477777777777774
2010-05-09 23:18:53.720,Central (35–40N) | West (130–138E),1,0,4.8,361.5,1000000000000.0,1,0,0,12.000000000000433,0.6931471805599453,0.0,361.5
2010-05-09 23:18:53.720,North (40–45N) | East (138–146E),0,5,0.0,,0.0,0,0,0,0.0,0.0,1.791759469228055,86.05303030303031
2010-05-09 23:18:53.720,North (40–45N) | West (130–138E),0,0,0.0,,0.0,0,0,0,0.0,0.0,0.0,86.05303030303031
2010-05-09 23:18:53.720,South (30–35N) | East (138–146E),7,9,4.7,43.2,2232186811532.5996,1,0,0,12.348730537856568,2.0794415416798357,2.302585092994046,43.2
2010-05-09 23:18:53.720,South (30–35N) | West (130–138E),1,0,5.1,355.6,2818382931264.449,1,0,0,12.450000000000154,0.6931471805599453,0.0,355.6
2010-06-08 23:18:53.720,Central (35–40N) | East (138–146E),7,9,4.7,61.457142857142856,1847853886403.2083,1,1,1,12.266667627686507,2.0794415416798357,2.302585092994046,61.457142857142856
2010-06-08 23:18:53.720,Central (35–40N) | West (130–138E),0,1,0.0,,0.0,0,0,0,0.0,0.0,0.6931471805599453,86.05303030303031
2010-06-08 23:18:53.720,North (40–45N) | East (138–146E),3,0,4.3,136.79999999999998,366816216631.32886,0,1,1,11.56444852721133,1.3862943611198906,0.0,136.79999999999998
2010-06-08 23:18:53.720,North (40–45N) | West (130–138E),0,0,0.0,,0.0,0,0,0,0.0,0.0,0.0,86.05303030303031
2010-06-08 23:18:53.720,South (30–35N) | East (138–146E),10,7,4.7,92.82000000000001,3652612582611.1113,1,0,0,12.56260361084964,2.3978952727983707,2.0794415416798357,92.82000000000001
2010-06-08 23:18:53.720,South (30–35N) | West (130–138E),4,1,4.8,239.0,2417909123681.5957,1,0,0,12.383439974016543,1.6094379124341003,0.6931471805599453,239.0
2010-07-08 23:18:53.720,Central (35–40N) | East (138–146E),7,7,6.3,41.885714285714286,226526339655121.9,1,1,1,14.355118707460537,2.0794415416798357,2.0794415416798357,41.885714285714286
2010-07-08 23:18:53.720,Central (35–40N) | West (130–138E),1,0,4.6,342.3,501187233627.2715,1,0,0,11.700000000000866,0.6931471805599453,0.0,342.3
2010-07-08 23:18:53.720,North (40–45N) | East (138–146E),6,3,5.3,74.8,8632022827522.836,1,0,0,12.936112580175147,1.9459101490553132,1.3862943611198906,74.8
2010-07-08 23:18:53.720,North (40–45N) | West (130–138E),0,0,0.0,,0.0,0,0,0,0.0,0.0,0.0,86.05303030303031
2010-07-08 23:18:53.720,South (30–35N) | East (138–146E),33,10,5.8,21.88787878787879,40054037490009.47,1,0,0,13.602646299977161,3.5263605246161616,2.3978952727983707,21.88787878787879
2010-07-08 23:18:53.720,South (30–35N) | West (130–138E),1,4,4.3,330.8,177827941003.89227,0,0,0,11.250000000002442,0.6931471805599453,1.6094379124341003,330.8
2010-08-07 23:18:53.720,Central (35–40N) | East (138–146E),11,7,5.1,41.481818181818184,7758038817440.124,1,1,1,12.88975194826717,2.4849066497880004,2.0794415416798357,41.481818181818184
2010-08-07 23:18:53.720,Central (35–40N) | West (130–138E),0,1,0.0,,0.0,0,0,0,0.0,0.0,0.6931471805599453,86.05303030303031
2010-08-07 23:18:53.720,North (40–45N) | East (138–146E),5,6,4.9,101.35999999999999,2645619351813.9785,1,0,0,12.422527358635206,1.791759469228055,1.9459101490553132,101.35999999999999
2010-08-07 23:18:53.720,North (40–45N) | West (130–138E),0,0,0.0,,0.0,0,0,0,0.0,0.0,0.0,86.05303030303031
2010-08-07 23:18:53.720,South (30–35N) | East (138–146E),8,33,4.7,55.96249999999999,1611785414028.5542,1,0,0,12.207307221274116,2.1972245773362196,3.5263605246161616,55.96249999999999
2010-08-07 23:18:53.720,South (30–35N) | West (130–138E),2,1,4.9,40.9,1590365485626.6477,1,1,1,12.201496942025504,1.0986122886681098,0.6931471805599453,40.9
2010-09-06 23:18:53.720,Central (35–40N) | East (138–146E),15,11,5.9,27.55333333333333,51603583555535.63,1,0,0,13.71267986178914,2.772588722239781,2.4849066497880004,27.55333333333333
2010-09-06 23:18:53.720,Central (35–40N) | West (130–138E),1,0,5.4,277.8,7943282347242.8545,1,0,0,12.900000000000057,0.6931471805599453,0.0,277.8
2010-09-06 23:18:53.720,North (40–45N) | East (138–146E),5,5,5.1,103.06000000000002,5735461733660.001,1,1,1,12.75856838654576,1.791759469228055,1.791759469228055,103.06000000000002
2010-09-06 23:18:53.720,North (40–45N) | West (130–138E),1,0,4.3,411.9,177827941003.89227,0,0,0,11.250000000002442,0.6931471805599453,0.0,411.9
2010-09-06 23:18:53.720,South (30–35N) | East (138–146E),7,8,4.5,18.414285714285715,1391096745170.026,1,1,1,12.143357334472906,2.0794415416798357,2.1972245773362196,18.414285714285715
2010-09-06 23:18:53.720,South (30–35N) | West (130–138E),2,2,5.3,196.5,5978226641137.067,1,0,0,12.776572375596174,1.0986122886681098,1.0986122886681098,196.5
2010-10-06 23:18:53.720,Central (35–40N) | East (138–146E),15,15,5.5,39.346666666666664,16606084684711.314,1,0,0,13.220267248329463,2.772588722239781,2.772588722239781,39.346666666666664
2010-10-06 23:18:53.720,Central (35–40N) | West (130–138E),0,1,0.0,,0.0,0,0,0,0.0,0.0,0.6931471805599453,86.05303030303031
2010-10-06 23:18:53.720,North (40–45N) | East (138–146E),9,5,5.8,86.73333333333333,36122766059122.45,1,1,1,13.557780998513541,2.302585092994046,1.791759469228055,86.73333333333333
2010-10-06 23:18:53.720,North (40–45N) | West (130–138E),1,1,4.3,577.9,177827941003.89227,0,0,0,11.250000000002442,0.6931471805599453,0.6931471805599453,577.9
2010-10-06 23:18:53.720,South (30–35N) | East (138–146E),17,7,5.0,17.03529411764706,4843798346154.061,1,1,1,12.685186054583511,2.8903717578961645,2.0794415416798357,17.03529411764706
2010-10-06 23:18:53.720,South (30–35N) | West (130–138E),3,2,4.5,83.8,569831024226.3676,1,0,0,11.755746090540454,1.3862943611198906,1.0986122886681098,83.8
2010-11-05 23:18:53.720,Central (35–40N) | East (138–146E),14,15,4.8,36.892857142857146,3542163181341.134,1,0,0,12.54926856451188,2.70805020110221,2.772588722239781,36.892857142857146
2010-11-05 23:18:53.720,Central (35–40N) | West (130–138E),0,0,0.0,,0.0,0,0,0,0.0,0.0,0.0,86.05303030303031
2010-11-05 23:18:53.720,North (40–45N) | East (138–146E),10,9,5.6,62.35000000000001,17329750202802.387,1,0,0,13.238792302683567,2.3978952727983707,2.302585092994046,62.35000000000001
2010-11-05 23:18:53.720,North (40–45N) | West (130–138E),1,1,4.2,291.1,125892541179.41713,0,0,0,11.100000000003451,0.6931471805599453,0.6931471805599453,291.1
2010-11-05 23:18:53.720,South (30–35N) | East (138–146E),9,17,5.2,24.822222222222223,8057565992765.683,1,1,1,12.906203871140878,2.302585092994046,2.8903717578961645,24.822222222222223
2010-11-05 23:18:53.720,South (30–35N) | West (130–138E),2,3,4.4,203.10000000000002,314284377598.97766,0,0,0,11.497322793710078,1.0986122886681098,1.3862943611198906,203.10000000000002
2010-12-05 23:18:53.720,Central (35–40N) | East (138–146E),6,14,5.0,55.366666666666674,2665799013783.5205,1,0,0,12.42582740295679,1.9459101490553132,2.70805020110221,55.366666666666674
2010-12-05 23:18:53.720,Central (35–40N) | West (130–138E),0,0,0.0,,0.0,0,0,0,0.0,0.0,0.0,86.05303030303031
2010-12-05 23:18:53.720,North (40–45N) | East (138–146E),5,10,4.8,61.02,1658956118039.7422,1,1,1,12.219834898414469,1.791759469228055,2.3978952727983707,61.02
2010-12-05 23:18:53.720,North (40–45N) | West (130–138E),0,1,0.0,,0.0,0,0,0,0.0,0.0,0.6931471805599453,86.05303030303031
2010-12-05 23:18:53.720,South (30–35N) | East (138–146E),3,9,5.0,27.399999999999995,3658988502742.596,1,0,0,12.56336104485068,1.3862943611198906,2.302585092994046,27.399999999999995
2010-12-05 23:18:53.720,South (30–35N) | West (130–138E),3,2,4.5,281.3,710469271241.3606,1,0,0,11.851545298845506,1.3862943611198906,1.0986122886681098,281.3
2011-01-04 23:18:53.720,Central (35–40N) | East (138–146E),8,6,4.9,58.462500000000006,4089557834860.929,1,0,0,12.611676354398451,2.1972245773362196,1.9459101490553132,58.462500000000006
2011-01-04 23:18:53.720,Central (35–40N) | West (130–138E),0,0,0.0,,0.0,0,0,0,0.0,0.0,0.0,86.05303030303031
2011-01-04 23:18:53.720,North (40–45N) | East (138–146E),5,5,5.7,26.879999999999995,25040336044927.83,1,1,1,13.398640152872217,1.791759469228055,1.791759469228055,26.879999999999995
2011-01-04 23:18:53.720,North (40–45N) | West (130–138E),0,0,0.0,,0.0,0,0,0,0.0,0.0,0.0,86.05303030303031
2011-01-04 23:18:53.720,South (30–35N) | East (138–146E),3,3,4.5,76.43333333333334,543801664861.0126,1,1,2,11.735440532856627,1.3862943611198906,1.3862943611198906,76.43333333333334
2011-01-04 23:18:53.720,South (30–35N) | West (130–138E),4,3,4.4,139.15,654598114563.3103,0,0,0,11.815974750077553,1.6094379124341003,1.3862943611198906,139.15
2011-02-03 23:18:53.720,Central (35–40N) | East (138–146E),9,8,5.1,26.677777777777777,5447717496783.883,1,1,3,12.736214578205654,2.302585092994046,2.1972245773362196,26.677777777777777
2011-02-03 23:18:53.720,Central (35–40N) | West (130–138E),0,0,0.0,,0.0,0,0,0,0.0,0.0,0.0,86.05303030303031
2011-02-03 23:18:53.720,North (40–45N) | East (138–146E),3,5,5.1,65.76666666666667,6344711646913.039,1,0,0,12.80241188915732,1.3862943611198906,1.791759469228055,65.76666666666667
2011-02-03 23:18:53.720,North (40–45N) | West (130–138E),1,0,4.8,553.3,1000000000000.0,1,0,0,12.000000000000433,0.6931471805599453,0.0,553.3
2011-02-03 23:18:53.720,South (30–35N) | East (138–146E),14,3,5.6,21.264285714285712,23778184822555.188,1,1,1,13.376178698405626,2.70805020110221,1.3862943611198906,21.264285714285712
2011-02-03 23:18:53.720,South (30–35N) | West (130–138E),4,4,4.6,206.2,982735656814.4733,1,0,0,11.992436713940766,1.6094379124341003,1.6094379124341003,206.2
2011-03-05 23:18:53.720,Central (35–40N) | East (138–146E),20,9,5.5,31.264999999999997,33986629887429.53,1,1,493,13.531308102098322,3.044522437723423,2.302585092994046,31.264999999999997
2011-03-05 23:18:53.720,Central (35–40N) | West (130–138E),2,0,5.1,5.0,4230920475887.2046,1,0,0,12.626434862436588,1.0986122886681098,0.0,5.0
2011-03-05 23:18:53.720,North (40–45N) | East (138–146E),1,3,4.5,119.6,354813389233.57605,1,1,12,11.550000000001225,0.6931471805599453,1.3862943611198906,119.6
2011-03-05 23:18:53.720,North (40–45N) | West (130–138E),0,1,0.0,,0.0,0,0,0,0.0,0.0,0.6931471805599453,86.05303030303031
2011-03-05 23:18:53.720,South (30–35N) | East (138–146E),10,14,5.4,81.78,20890698087428.65,1,1,2,13.31995295268749,2.3978952727983707,2.70805020110221,81.78
2011-03-05 23:18:53.720,South (30–35N) | West (130–138E),4,4,4.9,73.52499999999999,4240966658013.791,1,0,0,12.62746485810057,1.6094379124341003,1.6094379124341003,73.52499999999999
2011-04-04 23:18:53.720,Central (35–40N) | East (138–146E),2902,20,9.1,31.07839421088904,2.905571568295302e+18,1,1,30,18.463231577187607,7.97349996402463,3.044522437723423,31.07839421088904
2011-04-04 23:18:53.720,Central (35–40N) | West (130–138E),4,2,4.7,74.1,1491775757772.5667,1,0,0,12.173703545334536,1.6094379124341003,1.0986122886681098,74.1
2011-04-04 23:18:53.720,North (40–45N) | East (138–146E),50,1,6.2,37.924,465972793741101.4,1,1,1,14.668360560739279,3.9318256327243257,0.6931471805599453,37.924
2011-04-04 23:18:53.720,North (40–45N) | West (130–138E),0,0,0.0,,0.0,0,0,0,0.0,0.0,0.0,86.05303030303031
2011-04-04 23:18:53.720,South (30–35N) | East (138–146E),35,10,5.4,29.311428571428575,28768613945779.58,1,0,0,13.458918938351925,3.58351893845611,2.3978952727983707,29.311428571428575
2011-04-04 23:18:53.720,South (30–35N) | West (130–138E),5,4,4.8,16.080000000000002,1684862158498.8625,1,0,0,12.226564376274656,1.791759469228055,1.6094379124341003,16.080000000000002
2011-05-04 23:18:53.720,Central (35–40N) | East (138–146E),581,2902,7.1,34.87814113597246,4231154451503033.5,1,1,16,15.62645887884375,6.366470447731438,7.97349996402463,34.87814113597246
2011-05-04 23:18:53.720,Central (35–40N) | West (130–138E),0,4,0.0,,0.0,0,0,0,0.0,0.0,1.6094379124341003,86.05303030303031
2011-05-04 23:18:53.720,North (40–45N) | East (138–146E),22,50,5.8,41.28636363636363,68438943703693.57,1,1,1,13.83530329795853,3.1354942159291497,3.9318256327243257,41.28636363636363
2011-05-04 23:18:53.720,North (40–45N) | West (130–138E),0,0,0.0,,0.0,0,1,1,0.0,0.0,0.0,86.05303030303031
2011-05-04 23:18:53.720,South (30–35N) | East (138–146E),9,35,4.9,30.35555555555556,4033422803603.4907,1,0,0,12.60567374931929,2.302585092994046,3.58351893845611,30.35555555555556
2011-05-04 23:18:53.720,South (30–35N) | West (130–138E),1,5,4.8,51.1,1000000000000.0,1,0,0,12.000000000000433,0.6931471805599453,1.791759469228055,51.1
2011-06-03 23:18:53.720,Central (35–40N) | East (138–146E),305,581,6.1,33.24295081967213,555702444472908.75,1,1,8,14.74484230720244,5.723585101952381,6.366470447731438,33.24295081967213
2011-06-03 23:18:53.720,Central (35–40N) | West (130–138E),2,0,5.0,6.5,2121154856148.3,1,0,0,12.326572375596308,1.0986122886681098,0.0,6.5
2011-06-03 23:18:53.720,North (40–45N) | East (138–146E),15,22,5.7,47.43333333333332,33416150882375.836,1,1,1,13.52395642321097,2.772588722239781,3.1354942159291497,47.43333333333332
2011-06-03 23:18:53.720,North (40–45N) | West (130–138E),1,0,5.7,544.6,22387211385683.47,1,0,0,13.350000000000021,0.6931471805599453,0.0,544.6
2011-06-03 23:18:53.720,South (30–35N) | East (138–146E),25,9,4.8,26.195999999999998,9317537710324.195,1,0,0,12.969301159124079,3.258096538021482,2.302585092994046,26.195999999999998
2011-06-03 23:18:53.720,South (30–35N) | West (130–138E),1,1,4.2,23.2,125892541179.41713,0,0,0,11.100000000003451,0.6931471805599453,0.6931471805599453,23.2
2011-07-03 23:18:53.720,Central (35–40N) | East (138–146E),185,305,6.7,30.820540540540538,881231066194333.1,1,1,8,14.945089799008638,5.225746673713202,5.723585101952381,30.820540540540538
2011-07-03 23:18:53.720,Central (35–40N) | West (130–138E),2,2,5.0,10.0,2703208099353.023,1,0,0,12.431879480002223,1.0986122886681098,1.0986122886681098,10.0
2011-07-03 23:18:53.720,North (40–45N) | East (138–146E),16,15,5.7,74.33125,45569308372106.23,1,0,0,13.658672437130686,2.833213344056216,2.772588722239781,74.33125
2011-07-03 23:18:53.720,North (40–45N) | West (130–138E),0,1,0.0,,0.0,0,0,0,0.0,0.0,0.6931471805599453,86.05303030303031
2011-07-03 23:18:53.720,South (30–35N) | East (138–146E),3,25,4.8,160.36666666666665,2002374467254.543,1,0,0,12.301545298845111,1.3862943611198906,3.258096538021482,160.36666666666665
2011-07-03 23:18:53.720,South (30–35N) | West (130–138E),1,1,5.1,26.0,2818382931264.449,1,1,1,12.450000000000154,0.6931471805599453,0.6931471805599453,26.0
2011-08-02 23:18:53.720,Central (35–40N) | East (138–146E),162,185,6.3,36.151234567901234,726455313721694.4,1,1,4,14.861208904799268,5.093750200806762,5.225746673713202,36.151234567901234
2011-08-02 23:18:53.720,Central (35–40N) | West (130–138E),0,2,0.0,,0.0,0,0,0,0.0,0.0,1.0986122886681098,86.05303030303031
2011-08-02 23:18:53.720,North (40–45N) | East (138–146E),12,16,5.6,43.333333333333336,34288027939241.91,1,1,2,13.53514250757824,2.5649493574615367,2.833213344056216,43.333333333333336
2011-08-02 23:18:53.720,North (40–45N) | West (130–138E),0,0,0.0,,0.0,0,0,0,0.0,0.0,0.0,86.05303030303031
2011-08-02 23:18:53.720,South (30–35N) | East (138–146E),5,3,5.9,26.619999999999997,47479093141291.664,1,0,0,13.676502415263732,1.791759469228055,1.3862943611198906,26.619999999999997
2011-08-02 23:18:53.720,South (30–35N) | West (130–138E),6,1,5.0,59.75000000000001,5038709063352.71,1,1,1,12.702319282779701,1.9459101490553132,0.6931471805599453,59.75000000000001
2011-09-01 23:18:53.720,Central (35–40N) | East (138–146E),145,162,6.2,36.99793103448276,372057490665218.9,1,1,7,14.570610052649469,4.983606621708336,5.093750200806762,36.99793103448276
2011-09-01 23:18:53.720,Central (35–40N) | West (130–138E),0,0,0.0,,0.0,0,0,0,0.0,0.0,0.0,86.05303030303031
2011-09-01 23:18:53.720,North (40–45N) | East (138–146E),10,12,5.3,87.1,11902234025068.951,1,1,1,13.075628485232867,2.3978952727983707,2.5649493574615367,87.1
2011-09-01 23:18:53.720,North (40–45N) | West (130–138E),0,0,0.0,,0.0,0,0,0,0.0,0.0,0.0,86.05303030303031
2011-09-01 23:18:53.720,South (30–35N) | East (138–146E),4,5,4.7,71.7,1403072910582.0488,1,0,0,12.147080239696322,1.6094379124341003,1.791759469228055,71.7
2011-09-01 23:18:53.720,South (30–35N) | West (130–138E),6,6,5.0,108.64999999999999,7528283188598.535,1,0,0,12.876695947418789,1.9459101490553132,1.9459101490553132,108.64999999999999
2011-10-01 23:18:53.720,Central (35–40N) | East (138–146E),108,145,6.1,36.16851851851852,193191170635581.0,1,1,2,14.285987274088436,4.6913478822291435,4.983606621708336,36.16851851851852
2011-10-01 23:18:53.720,Central (35–40N) | West (130–138E),1,0,4.6,445.5,501187233627.2715,1,1,2,11.700000000000866,0.6931471805599453,0.0,445.5
2011-10-01 23:18:53.720,North (40–45N) | East (138–146E),38,10,6.7,42.45526315789474,881575977381072.4,1,1,1,14.94525974730514,3.6635616461296463,2.3978952727983707,42.45526315789474
2011-10-01 23:18:53.720,North (40–45N) | West (130–138E),0,0,0.0,,0.0,0,0,0,0.0,0.0,0.0,86.05303030303031
2011-10-01 23:18:53.720,South (30–35N) | East (138–146E),8,4,4.5,38.1,1903369626698.4214,1,0,0,12.279523134712708,2.1972245773362196,1.6094379124341003,38.1
2011-10-01 23:18:53.720,South (30–35N) | West (130–138E),2,6,4.5,149.7,417909123681.59546,1,0,0,11.621081852650573,1.0986122886681098,1.9459101490553132,149.7
2011-10-31 23:18:53.720,Central (35–40N) | East (138–146E),90,108,5.6,35.25333333333333,70381687772333.39,1,1,5,13.847459677125812,4.51085950651685,4.6913478822291435,35.25333333333333
2011-10-31 23:18:53.720,Central (35–40N) | West (130–138E),4,1,5.3,101.275,11142915043240.65,1,0,0,13.046998819346289,1.6094379124341003,0.6931471805599453,101.275
2011-10-31 23:18:53.720,North (40–45N) | East (138–146E),7,38,6.1,65.81428571428572,98931749567902.52,1,0,0,13.995335689467256,2.0794415416798357,3.6635616461296463,65.81428571428572
2011-10-31 23:18:53.720,North (40–45N) | West (130–138E),0,0,0.0,,0.0,0,0,0,0.0,0.0,0.0,86.05303030303031
2011-10-31 23:18:53.720,South (30–35N) | East (138–146E),9,8,5.2,16.866666666666667,8092686839709.051,1,1,1,12.908092734953618,2.302585092994046,2.1972245773362196,16.866666666666667
2011-10-31 23:18:53.720,South (30–35N) | West (130–138E),5,2,4.9,43.660000000000004,4914200183058.885,1,0,0,12.691452843765452,1.791759469228055,1.0986122886681098,43.660000000000004
2011-11-30 23:18:53.720,Central (35–40N) | East (138–146E),80,90,6.1,39.0225,146190679935195.78,1,1,4,14.164919686016255,4.394449154672439,4.51085950651685,39.0225
2011-11-30 23:18:53.720,Central (35–40N) | West (130–138E),1,4,4.8,6.8,1000000000000.0,1,1,1,12.000000000000433,0.6931471805599453,1.6094379124341003,6.8
2011-11-30 23:18:53.720,North (40–45N) | East (138–146E),2,7,6.2,110.4,126393728413044.4,1,1,1,14.101725525028797,1.0986122886681098,2.0794415416798357,110.4
2011-11-30 23:18:53.720,North (40–45N) | West (130–138E),0,0,0.0,,0.0,0,0,0,0.0,0.0,0.0,86.05303030303031
2011-11-30 23:18:53.720,South (30–35N) | East (138–146E),16,9,5.3,30.174999999999997,16845363961871.586,1,0,0,13.22648039880929,2.833213344056216,2.302585092994046,30.174999999999997
2011-11-30 23:18:53.720,South (30–35N) | West (130–138E),3,5,5.1,141.6,3424384963648.9834,1,0,0,12.534582581411392,1.3862943611198906,1.791759469228055,141.6
2011-12-30 23:18:53.720,Central (35–40N) | East (138–146E),57,80,5.2,41.12456140350877,52548372297260.25,1,1,5,13.720559268161297,4.060443010546419,4.394449154672439,41.12456140350877
2011-12-30 23:18:53.720,Central (35–40N) | West (130–138E),6,1,5.1,224.25,4177603333201.421,1,0,0,12.620927200991423,1.9459101490553132,0.6931471805599453,224.25
2011-12-30 23:18:53.720,North (40–45N) | East (138–146E),9,2,5.1,92.97777777777779,8762041081122.309,1,0,0,12.942605285051165,2.302585092994046,1.0986122886681098,92.97777777777779
2011-12-30 23:18:53.720,North (40–45N) | West (130–138E),0,0,0.0,,0.0,0,0,0,0.0,0.0,0.0,86.05303030303031
2011-12-30 23:18:53.720,South (30–35N) | East (138–146E),14,16,5.6,91.34285714285714,38631361491052.44,1,1,1,13.586940014322199,2.70805020110221,2.833213344056216,91.34285714285714
2011-12-30 23:18:53.720,South (30–35N) | West (130–138E),1,3,4.9,15.1,1412537544622.7554,1,0,0,12.150000000000308,0.6931471805599453,1.3862943611198906,15.1
2012-01-29 23:18:53.720,Central (35–40N) | East (138–146E),73,57,5.5,36.965753424657535,77135426854289.67,1,1,2,13.887253887176895,4.30406509320417,4.060443010546419,36.965753424657535
2012-01-29 23:18:53.720,Central (35–40N) | West (130–138E),1,6,4.4,298.2,251188643150.95822,0,1,1,11.400000000001729,0.6931471805599453,1.9459101490553132,298.2
2012-01-29 23:18:53.720,North (40–45N) | East (138–146E),8,9,5.6,65.7625,20211683362322.625,1,0,0,13.305602485931088,2.1972245773362196,2.302585092994046,65.7625
2012-01-29 23:18:53.720,North (40–45N) | West (130–138E),0,0,0.0,,0.0,0,0,0,0.0,0.0,0.0,86.05303030303031
2012-01-29 23:18:53.720,South (30–35N) | East (138–146E),9,14,6.8,126.32222222222224,1004649448780768.2,1,0,0,15.002014550295867,2.302585092994046,2.70805020110221,126.32222222222224
2012-01-29 23:18:53.720,South (30–35N) | West (130–138E),4,1,5.1,124.35,4777517358799.548,1,0,0,12.679202273710848,1.6094379124341003,0.6931471805599453,124.35
2012-02-28 23:18:53.720,Central (35–40N) | East (138–146E),66,73,5.8,38.11212121212121,100443900767941.03,1,1,7,14.001923570320224,4.204692619390966,4.30406509320417,38.11212121212121
2012-02-28 23:18:53.720,Central (35–40N) | West (130–138E),3,1,5.4,238.46666666666667,8445659633544.7705,1,0,0,12.926633575046328,1.3862943611198906,0.6931471805599453,238.46666666666667
2012-02-28 23:18:53.720,North (40–45N) | East (138–146E),14,8,4.8,75.56428571428572,7363349088935.742,1,1,1,12.867075390427141,2.70805020110221,2.1972245773362196,75.56428571428572
2012-02-28 23:18:53.720,North (40–45N) | West (130–138E),0,0,0.0,,0.0,0,0,0,0.0,0.0,0.0,86.05303030303031
2012-02-28 23:18:53.720,South (30–35N) | East (138–146E),5,9,4.9,97.17999999999999,2207527852634.726,1,0,0,12.343906191828175,1.791759469228055,2.302585092994046,97.17999999999999
2012-02-28 23:18:53.720,South (30–35N) | West (130–138E),2,4,4.8,43.5,1501187233627.2715,1,0,0,12.176434862436775,1.0986122886681098,1.6094379124341003,43.5
2012-03-29 23:18:53.720,Central (35–40N) | East (138–146E),91,66,6.1,36.52307692307692,266542938122537.25,1,1,5,14.42576718067062,4.5217885770490405,4.204692619390966,36.52307692307692
2012-03-29 23:18:53.720,Central (35–40N) | West (130–138E),1,3,4.9,430.2,1412537544622.7554,1,0,0,12.150000000000308,0.6931471805599453,1.3862943611198906,430.2
2012-03-29 23:18:53.720,North (40–45N) | East (138–146E),53,14,6.9,20.149056603773587,1556170183959936.8,1,1,1,15.192057090027152,3.9889840465642745,2.70805020110221,20.149056603773587
2012-03-29 23:18:53.720,North (40–45N) | West (130–138E),0,0,0.0,,0.0,0,0,0,0.0,0.0,0.0,86.05303030303031
2012-03-29 23:18:53.720,South (30–35N) | East (138–146E),4,5,4.9,30.9,3475296718240.4717,1,0,0,12.540991890248055,1.6094379124341003,1.791759469228055,30.9
2012-03-29 23:18:53.720,South (30–35N) | West (130–138E),3,2,4.6,283.3,1253563110405.5012,1,0,0,12.098146203321235,1.3862943611198906,1.0986122886681098,283.3
2012-04-28 23:18:53.720,Central (35–40N) | East (138–146E),83,91,5.7,38.32168674698796,117845427991736.12,1,1,5,14.071312738014552,4.430816798843313,4.5217885770490405,38.32168674698796
2012-04-28 23:18:53.720,Central (35–40N) | West (130–138E),2,1,4.1,385.70000000000005,152220828261.39383,0,0,0,11.18247408069044,1.0986122886681098,0.6931471805599453,385.70000000000005
2012-04-28 23:18:53.720,North (40–45N) | East (138–146E),15,53,5.1,49.693333333333335,11799540229441.484,1,0,0,13.071865085297125,2.772588722239781,3.9889840465642745,49.693333333333335
2012-04-28 23:18:53.720,North (40–45N) | West (130–138E),0,0,0.0,,0.0,0,0,0,0.0,0.0,0.0,86.05303030303031
2012-04-28 23:18:53.720,South (30–35N) | East (138–146E),7,4,4.7,136.5142857142857,2884472314166.573,1,1,1,12.46006637485528,2.0794415416798357,1.6094379124341003,136.5142857142857
2012-04-28 23:18:53.720,South (30–35N) | West (130–138E),3,3,4.7,258.2,1048259521348.4729,1,0,0,12.020468815793715,1.3862943611198906,1.3862943611198906,258.2
2012-05-28 23:18:53.720,Central (35–40N) | East (138–146E),88,83,6.3,31.455681818181816,350521434692893.5,1,1,3,14.544714580602859,4.48863636973214,4.430816798843313,31.455681818181816
2012-05-28 23:18:53.720,Central (35–40N) | West (130–138E),0,2,0.0,,0.0,0,0,0,0.0,0.0,1.0986122886681098,86.05303030303031
2012-05-28 23:18:53.720,North (40–45N) | East (138–146E),4,15,5.9,50.325,46347374389727.695,1,0,0,13.666025136099698,1.6094379124341003,2.772588722239781,50.325
2012-05-28 23:18:53.720,North (40–45N) | West (130–138E),0,0,0.0,,0.0,0,0,0,0.0,0.0,0.0,86.05303030303031
2012-05-28 23:18:53.720,South (30–35N) | East (138–146E),5,7,5.1,270.3,3738321781347.5244,1,1,1,12.572676681165172,1.791759469228055,2.0794415416798357,270.3
2012-05-28 23:18:53.720,South (30–35N) | West (130–138E),2,3,4.9,42.0,1913724778250.0269,1,0,0,12.281879480002289,1.0986122886681098,1.3862943611198906,42.0
2012-06-27 23:18:53.720,Central (35–40N) | East (138–146E),55,88,6.3,41.26727272727273,212063355183273.16,1,1,1,14.326465628362623,4.02535169073515,4.48863636973214,41.26727272727273
2012-06-27 23:18:53.720,Central (35–40N) | West (130–138E),0,0,0.0,,0.0,0,0,0,0.0,0.0,0.0,86.05303030303031
2012-06-27 23:18:53.720,North (40–45N) | East (138–146E),7,4,4.7,95.17142857142858,2255311969174.341,1,0,0,12.353206624759551,2.0794415416798357,1.6094379124341003,95.17142857142858
2012-06-27 23:18:53.720,North (40–45N) | West (130–138E),0,0,0.0,,0.0,0,0,0,0.0,0.0,0.0,86.05303030303031
2012-06-27 23:18:53.720,South (30–35N) | East (138–146E),9,5,6.1,26.31111111111111,93964156478255.92,1,1,2,13.972962219425765,2.302585092994046,1.791759469228055,26.31111111111111
2012-06-27 23:18:53.720,South (30–35N) | West (130–138E),8,2,4.8,83.82499999999999,4147748509218.551,1,0,0,12.617812415901831,2.1972245773362196,1.0986122886681098,83.82499999999999
2012-07-27 23:18:53.720,Central (35–40N) | East (138–146E),35,55,5.2,45.62285714285714,19653832481683.184,1,1,1,13.293447250047631,3.58351893845611,4.02535169073515,45.62285714285714
2012-07-27 23:18:53.720,Central (35–40N) | West (130–138E),0,0,0.0,,0.0,0,0,0,0.0,0.0,0.0,86.05303030303031
2012-07-27 23:18:53.720,North (40–45N) | East (138–146E),14,7,5.1,59.707142857142856,7101015030225.416,1,0,0,12.851320431890752,2.70805020110221,2.0794415416798357,59.707142857142856
2012-07-27 23:18:53.720,North (40–45N) | West (130–138E),1,0,4.4,360.5,251188643150.95822,0,0,0,11.400000000001729,0.6931471805599453,0.0,360.5
2012-07-27 23:18:53.720,South (30–35N) | East (138–146E),9,9,5.3,39.63333333333334,9113397058125.018,1,0,0,12.959680292296603,2.302585092994046,2.302585092994046,39.63333333333334
2012-07-27 23:18:53.720,South (30–35N) | West (130–138E),2,8,5.0,271.2,2246450958119.841,1,0,0,12.351496942025424,1.0986122886681098,2.1972245773362196,271.2
2012-08-26 23:18:53.720,Central (35–40N) | East (138–146E),43,35,5.3,50.13023255813953,32148462672655.4,1,1,1,13.507160209958673,3.784189633918261,3.58351893845611,50.13023255813953
2012-08-26 23:18:53.720,Central (35–40N) | West (130–138E),0,0,0.0,,0.0,0,0,0,0.0,0.0,0.0,86.05303030303031
2012-08-26 23:18:53.720,North (40–45N) | East (138–146E),8,14,5.9,92.8125,48714404538271.11,1,0,0,13.687657398308946,2.1972245773362196,2.70805020110221,92.8125
2012-08-26 23:18:53.720,North (40–45N) | West (130–138E),0,1,0.0,,0.0,0,0,0,0.0,0.0,0.6931471805599453,86.05303030303031
2012-08-26 23:18:53.720,South (30–35N) | East (138–146E),2,9,4.6,78.4,752375876778.2297,1,0,0,11.876434862437062,1.0986122886681098,2.302585092994046,78.4
2012-08-26 23:18:53.720,South (30–35N) | West (130–138E),1,2,4.9,23.4,1412537544622.7554,1,0,0,12.150000000000308,0.6931471805599453,1.0986122886681098,23.4
2012-09-25 23:18:53.720,Central (35–40N) | East (138–146E),38,43,5.5,36.944736842105264,34352256417623.83,1,1,3,13.535955268834835,3.6635616461296463,3.784189633918261,36.944736842105264
2012-09-25 23:18:53.720,Central (35–40N) | West (130–138E),1,0,4.3,368.8,177827941003.89227,0,0,0,11.250000000002442,0.6931471805599453,0.0,368.8
2012-09-25 23:18:53.720,North (40–45N) | East (138–146E),5,8,4.8,47.14,2180624654881.292,1,0,0,12.338580918058346,1.791759469228055,2.1972245773362196,47.14
2012-09-25 23:18:53.720,North (40–45N) | West (130–138E),0,0,0.0,,0.0,0,0,0,0.0,0.0,0.0,86.05303030303031
2012-09-25 23:18:53.720,South (30–35N) | East (138–146E),2,2,4.4,28.75,377081184330.37537,0,0,0,11.576434862437639,1.0986122886681098,1.0986122886681098,28.75
2012-09-25 23:18:53.720,South (30–35N) | West (130–138E),3,1,4.6,46.9,930203817782.1221,1,0,0,11.96857811762953,1.3862943611198906,0.6931471805599453,46.9
2012-10-25 23:18:53.720,Central (35–40N) | East (138–146E),51,38,6.1,39.50980392156863,148588827924702.7,1,1,1,14.171986156981403,3.9512437185814275,3.6635616461296463,39.50980392156863
2012-10-25 23:18:53.720,Central (35–40N) | West (130–138E),0,1,0.0,,0.0,0,0,0,0.0,0.0,0.6931471805599453,86.05303030303031
2012-10-25 23:18:53.720,North (40–45N) | East (138–146E),4,5,4.8,37.45,1857190675535.4924,1,0,0,12.268856494521804,1.6094379124341003,1.791759469228055,37.45
2012-10-25 23:18:53.720,North (40–45N) | West (130–138E),0,0,0.0,,0.0,0,0,0,0.0,0.0,0.0,86.05303030303031
2012-10-25 23:18:53.720,South (30–35N) | East (138–146E),8,2,5.4,44.162499999999994,12512842812822.09,1,0,0,13.097355988963134,2.1972245773362196,1.0986122886681098,44.162499999999994
2012-10-25 23:18:53.720,South (30–35N) | West (130–138E),4,3,5.3,66.35,7686172425521.208,1,0,0,12.885710122857043,1.6094379124341003,1.3862943611198906,66.35
2012-11-24 23:18:53.720,Central (35–40N) | East (138–146E),41,51,5.6,44.81219512195123,52866628644727.45,1,1,9,13.723181615915317,3.7376696182833684,3.9512437185814275,44.81219512195123
2012-11-24 23:18:53.720,Central (35–40N) | West (130–138E),1,0,4.4,350.7,251188643150.95822,0,0,0,11.400000000001729,0.6931471805599453,0.0,350.7
2012-11-24 23:18:53.720,North (40–45N) | East (138–146E),6,4,4.9,74.28333333333332,3133830589657.357,1,0,0,12.496075515436601,1.9459101490553132,1.6094379124341003,74.28333333333332
2012-11-24 23:18:53.720,North (40–45N) | West (130–138E),0,0,0.0,,0.0,0,0,0,0.0,0.0,0.0,86.05303030303031
2012-11-24 23:18:53.720,South (30–35N) | East (138–146E),7,8,4.7,36.15714285714286,3202096009411.25,1,0,0,12.505434349361185,2.0794415416798357,2.1972245773362196,36.15714285714286
2012-11-24 23:18:53.720,South (30–35N) | West (130–138E),1,4,4.6,27.6,501187233627.2715,1,0,0,11.700000000000866,0.6931471805599453,1.6094379124341003,27.6
2012-12-24 23:18:53.720,Central (35–40N) | East (138–146E),180,41,7.3,32.83388888888889,5886324351237885.0,1,1,3,15.76984418913834,5.198497031265826,3.7376696182833684,32.83388888888889
2012-12-24 23:18:53.720,Central (35–40N) | West (130–138E),0,1,0.0,,0.0,0,0,0,0.0,0.0,0.6931471805599453,86.05303030303031
2012-12-24 23:18:53.720,North (40–45N) | East (138–146E),10,6,4.9,43.68000000000001,5980890964571.14,1,0,0,12.776765885020987,2.3978952727983707,1.9459101490553132,43.68000000000001
2012-12-24 23:18:53.720,North (40–45N) | West (130–138E),0,0,0.0,,0.0,0,0,0,0.0,0.0,0.0,86.05303030303031
2012-12-24 23:18:53.720,South (30–35N) | East (138–146E),8,7,4.8,49.025,4421628024188.848,1,0,0,12.645582204132168,2.1972245773362196,2.0794415416798357,49.025
2012-12-24 23:18:53.720,South (30–35N) | West (130–138E),2,1,4.6,57.0,679015174631.1638,1,0,0,11.831879480002701,1.0986122886681098,0.6931471805599453,57.0
2013-01-23 23:18:53.720,Central (35–40N) | East (138–146E),42,180,5.4,32.397619047619045,37170287145315.75,1,1,1,13.570195916090208,3.7612001156935624,5.198497031265826,32.397619047619045
2013-01-23 23:18:53.720,Central (35–40N) | West (130–138E),1,0,4.5,266.9,354813389233.57605,1,0,0,11.550000000001225,0.6931471805599453,0.0,266.9
2013-01-23 23:18:53.720,North (40–45N) | East (138–146E),11,10,5.4,75.0090909090909,24485170662659.61,1,1,1,13.388903135415436,2.4849066497880004,2.3978952727983707,75.0090909090909
2013-01-23 23:18:53.720,North (40–45N) | West (130–138E),0,0,0.0,,0.0,0,0,0,0.0,0.0,0.0,86.05303030303031
2013-01-23 23:18:53.720,South (30–35N) | East (138–146E),8,8,5.0,77.025,5205807630918.831,1,0,0,12.71648811567994,2.1972245773362196,2.1972245773362196,77.025
2013-01-23 23:18:53.720,South (30–35N) | West (130–138E),1,2,4.9,364.9,1412537544622.7554,1,0,0,12.150000000000308,0.6931471805599453,1.0986122886681098,364.9
2013-02-22 23:18:53.720,Central (35–40N) | East (138–146E),43,42,5.4,45.795348837209296,30567153572977.336,1,1,1,13.485254998912414,3.784189633918261,3.7612001156935624,45.795348837209296
2013-02-22 23:18:53.720,Central (35–40N) | West (130–138E),1,1,4.5,359.2,354813389233.57605,1,0,0,11.550000000001225,0.6931471805599453,0.6931471805599453,359.2
2013-02-22 23:18:53.720,North (40–45N) | East (138–146E),4,11,6.9,79.45,1414247171401228.2,1,0,0,15.150525318792283,1.6094379124341003,2.4849066497880004,79.45
2013-02-22 23:18:53.720,North (40–45N) | West (130–138E),0,0,0.0,,0.0,0,0,0,0.0,0.0,0.0,86.05303030303031
2013-02-22 23:18:53.720,South (30–35N) | East (138–146E),9,8,4.9,35.58888888888889,5024478564191.0205,1,0,0,12.701090997745382,2.302585092994046,2.1972245773362196,35.58888888888889
2013-02-22 23:18:53.720,South (30–35N) | West (130–138E),3,1,5.2,35.23333333333333,5158899646538.877,1,0,0,12.712557079845034,1.3862943611198906,0.6931471805599453,35.23333333333333
2013-03-24 23:18:53.720,Central (35–40N) | East (138–146E),26,43,5.8,41.419230769230765,45424044593951.64,1,1,8,13.657285801540052,3.295836866004329,3.784189633918261,41.419230769230765
2013-03-24 23:18:53.720,Central (35–40N) | West (130–138E),0,1,0.0,,0.0,0,0,0,0.0,0.0,0.6931471805599453,86.05303030303031
2013-03-24 23:18:53.720,North (40–45N) | East (138–146E),7,4,4.9,56.800000000000004,5045874373824.372,1,1,1,12.702936433769034,2.0794415416798357,1.6094379124341003,56.800000000000004
2013-03-24 23:18:53.720,North (40–45N) | West (130–138E),0,0,0.0,,0.0,0,1,2,0.0,0.0,0.0,86.05303030303031
2013-03-24 23:18:53.720,South (30–35N) | East (138–146E),3,9,4.8,152.56666666666666,1959134427535.0986,1,0,0,12.292064236471594,1.3862943611198906,2.302585092994046,152.56666666666666
2013-03-24 23:18:53.720,South (30–35N) | West (130–138E),4,3,5.2,76.775,5522855815482.684,1,0,0,12.742163705299145,1.6094379124341003,1.3862943611198906,76.775
2013-04-23 23:18:53.720,Central (35–40N) | East (138–146E),42,26,6.0,29.685714285714283,164033205383227.47,1,1,2,14.214931771553722,3.7612001156935624,3.295836866004329,29.685714285714283
2013-04-23 23:18:53.720,Central (35–40N) | West (130–138E),2,0,4.6,134.54999999999998,679015174631.1638,1,0,0,11.831879480002701,1.0986122886681098,0.0,134.54999999999998
2013-04-23 23:18:53.720,North (40–45N) | East (138–146E),6,7,5.1,92.73333333333333,4114560472903.6914,1,0,0,12.614323449660773,1.9459101490553132,2.0794415416798357,92.73333333333333
2013-04-23 23:18:53.720,North (40–45N) | West (130–138E),2,0,6.3,563.05,209450717605576.06,1,0,0,14.321081852649534,1.0986122886681098,0.0,563.05
2013-04-23 23:18:53.720,South (30–35N) | East (138–146E),13,3,5.6,41.06923076923078,23598012324347.38,1,1,2,13.372875423609015,2.6390573296152584,1.3862943611198906,41.06923076923078
2013-04-23 23:18:53.720,South (30–35N) | West (130–138E),2,4,5.8,28.9,32123963835311.062,1,0,0,13.506829128312466,1.0986122886681098,1.6094379124341003,28.9
2013-05-23 23:18:53.720,Central (35–40N) | East (138–146E),37,42,6.0,32.17297297297298,94287448713786.38,1,1,1,13.974453884496237,3.6375861597263857,3.7612001156935624,32.17297297297298
2013-05-23 23:18:53.720,Central (35–40N) | West (130–138E),1,2,4.2,374.5,125892541179.41713,0,0,0,11.100000000003451,0.6931471805599453,1.0986122886681098,374.5
2013-05-23 23:18:53.720,North (40–45N) | East (138–146E),3,6,4.9,53.26666666666667,2002849872063.4014,1,0,0,12.301648397033196,1.3862943611198906,1.9459101490553132,53.26666666666667
2013-05-23 23:18:53.720,North (40–45N) | West (130–138E),0,2,0.0,,0.0,0,0,0,0.0,0.0,1.0986122886681098,86.05303030303031
2013-05-23 23:18:53.720,South (30–35N) | East (138–146E),2,13,5.4,115.44999999999999,11924354052777.84,1,1,1,13.076434862436523,1.0986122886681098,2.6390573296152584,115.44999999999999
2013-05-23 23:18:53.720,South (30–35N) | West (130–138E),1,2,4.7,67.0,707945784384.1403,1,0,0,11.850000000000614,0.6931471805599453,1.0986122886681098,67.0
2013-06-22 23:18:53.720,Central (35–40N) | East (138–146E),21,37,5.0,40.68571428571428,11022646763092.596,1,1,1,13.042285890032028,3.091042453358316,3.6375861597263857,40.68571428571428
2013-06-22 23:18:53.720,Central (35–40N) | West (130–138E),0,1,0.0,,0.0,0,0,0,0.0,0.0,0.6931471805599453,86.05303030303031
2013-06-22 23:18:53.720,North (40–45N) | East (138–146E),9,3,5.0,53.3111111111111,3486222241952.971,1,0,0,12.542355069342458,2.302585092994046,1.3862943611198906,53.3111111111111
2013-06-22 23:18:53.720,North (40–45N) | West (130–138E),0,0,0.0,,0.0,0,0,0,0.0,0.0,0.0,86.05303030303031
2013-06-22 23:18:53.720,South (30–35N) | East (138–146E),6,2,5.0,39.38333333333333,3385094320741.8433,1,0,0,12.529570774175507,1.9459101490553132,1.0986122886681098,39.38333333333333
2013-06-22 23:18:53.720,South (30–35N) | West (130–138E),3,1,4.3,16.433333333333334,481548423187.20166,0,0,0,11.682639965117959,1.3862943611198906,0.6931471805599453,16.433333333333334
2013-07-22 23:18:53.720,Central (35–40N) | East (138–146E),32,21,5.5,34.746874999999996,41990238098205.39,1,1,2,13.623148337234843,3.4965075614664802,3.091042453358316,34.746874999999996
2013-07-22 23:18:53.720,Central (35–40N) | West (130–138E),1,0,4.2,46.7,125892541179.41713,0,0,0,11.100000000003451,0.6931471805599453,0.0,46.7
2013-07-22 23:18:53.720,North (40–45N) | East (138–146E),6,9,5.2,40.8,6900306906822.408,1,1,1,12.838868407400398,1.9459101490553132,2.302585092994046,40.8
2013-07-22 23:18:53.720,North (40–45N) | West (130–138E),0,0,0.0,,0.0,0,0,0,0.0,0.0,0.0,86.05303030303031
2013-07-22 23:18:53.720,South (30–35N) | East (138–146E),5,6,4.7,27.139999999999997,2389335426269.8467,1,1,1,12.37827712235467,1.791759469228055,1.9459101490553132,27.139999999999997
2013-07-22 23:18:53.720,South (30–35N) | West (130–138E),2,3,4.4,200.14999999999998,429016584154.85046,0,1,1,11.6324740806886,1.0986122886681098,1.3862943611198906,200.14999999999998
2013-08-21 23:18:53.720,Central (35–40N) | East (138–146E),45,32,5.8,33.219555555555566,59992596265969.125,1,0,0,13.778097657063075,3.828641396489095,3.4965075614664802,33.219555555555566
2013-08-21 23:18:53.720,Central (35–40N) | West (130–138E),0,1,0.0,,0.0,0,0,0,0.0,0.0,0.6931471805599453,86.05303030303031
2013-08-21 23:18:53.720,North (40–45N) | East (138–146E),9,6,5.1,105.76444444444444,8625157576339.277,1,0,0,12.93576703811168,2.302585092994046,1.9459101490553132,105.76444444444444
2013-08-21 23:18:53.720,North (40–45N) | West (130–138E),1,0,4.2,482.3,125892541179.41713,0,1,1,11.100000000003451,0.6931471805599453,0.0,482.3
2013-08-21 23:18:53.720,South (30–35N) | East (138–146E),6,5,5.3,97.31666666666666,8250455393596.499,1,0,0,12.916477920606674,1.9459101490553132,1.791759469228055,97.31666666666666
2013-08-21 23:18:53.720,South (30–35N) | West (130–138E),3,2,5.1,283.26666666666665,4526328715648.59,1,0,0,12.655746090539788,1.3862943611198906,1.0986122886681098,283.26666666666665
2013-09-20 23:18:53.720,Central (35–40N) | East (138–146E),31,45,5.4,39.7674193548387,21581571430007.633,1,0,0,13.334083064004657,3.4657359027997265,3.828641396489095,39.7674193548387
2013-09-20 23:18:53.720,Central (35–40N) | West (130–138E),0,0,0.0,,0.0,0,0,0,0.0,0.0,0.0,86.05303030303031
2013-09-20 23:18:53.720,North (40–45N) | East (138–146E),7,9,4.9,99.46000000000001,4789244535009.146,1,0,0,12.680267012338962,2.0794415416798357,2.302585092994046,99.46000000000001
2013-09-20 23:18:53.720,North (40–45N) | West (130–138E),2,1,5.7,402.58000000000004,22565039326687.36,1,0,0,13.35343609475175,1.0986122886681098,0.6931471805599453,402.58000000000004
2013-09-20 23:18:53.720,South (30–35N) | East (138–146E),5,6,4.7,81.91400000000002,1846589147006.1428,1,0,0,12.26637027874504,1.791759469228055,1.9459101490553132,81.91400000000002
2013-09-20 23:18:53.720,South (30–35N) | West (130–138E),6,3,5.0,29.895,3587099930562.573,1,0,0,12.55474347555743,1.9459101490553132,1.3862943611198906,29.895
2013-10-20 23:18:53.720,Central (35–40N) | East (138–146E),27,31,4.9,46.71037037037037,11316296134565.705,1,1,11,13.053704303925057,3.332204510175204,3.4657359027997265,46.71037037037037
2013-10-20 23:18:53.720,Central (35–40N) | West (130–138E),1,0,4.2,363.88,125892541179.41713,0,0,0,11.100000000003451,0.6931471805599453,0.0,363.88
2013-10-20 23:18:53.720,North (40–45N) | East (138–146E),3,7,4.7,106.70666666666666,2123837353152.421,1,0,0,12.327121254719868,1.3862943611198906,2.0794415416798357,106.70666666666666
2013-10-20 23:18:53.720,North (40–45N) | West (130–138E),1,2,4.7,435.37,707945784384.1403,1,1,1,11.850000000000614,0.6931471805599453,1.0986122886681098,435.37
2013-10-20 23:18:53.720,South (30–35N) | East (138–146E),8,5,4.8,81.63625,3581497290793.8174,1,0,0,12.55406462697494,2.1972245773362196,1.791759469228055,81.63625
2013-10-20 23:18:53.720,South (30–35N) | West (130–138E),9,6,4.8,164.8322222222222,5066920132754.78,1,0,0,12.704744058785083,2.302585092994046,1.9459101490553132,164.8322222222222
2013-11-19 23:18:53.720,Central (35–40N) | East (138–146E),78,27,7.1,35.22102564102564,2935690241088302.5,1,1,3,15.467710229144885,4.3694478524670215,3.332204510175204,35.22102564102564
2013-11-19 23:18:53.720,Central (35–40N) | West (130–138E),0,1,0.0,,0.0,0,0,0,0.0,0.0,0.6931471805599453,86.05303030303031
2013-11-19 23:18:53.720,North (40–45N) | East (138–146E),13,3,5.5,97.39153846153846,16314376666495.492,1,1,1,13.212570485082368,2.6390573296152584,1.3862943611198906,97.39153846153846
2013-11-19 23:18:53.720,North (40–45N) | West (130–138E),1,1,5.1,554.28,2818382931264.449,1,1,1,12.450000000000154,0.6931471805599453,0.6931471805599453,554.28
2013-11-19 23:18:53.720,South (30–35N) | East (138–146E),6,8,4.9,112.03666666666668,2779439447046.6377,1,0,0,12.443957216924845,1.9459101490553132,2.1972245773362196,112.03666666666668
2013-11-19 23:18:53.720,South (30–35N) | West (130–138E),6,9,5.6,228.00666666666666,17289614775333.41,1,0,0,13.237785316998021,1.9459101490553132,2.302585092994046,228.00666666666666
2013-12-19 23:18:53.720,Central (35–40N) | East (138–146E),37,78,5.5,46.93081081081081,35915555818969.4,1,1,6,13.555282591839733,3.6375861597263857,4.3694478524670215,46.93081081081081
2013-12-19 23:18:53.720,Central (35–40N) | West (130–138E),0,0,0.0,,0.0,0,0,0,0.0,0.0,0.0,86.05303030303031
2013-12-19 23:18:53.720,North (40–45N) | East (138–146E),11,13,5.0,104.0290909090909,5757555627487.904,1,1,1,12.760238142657938,2.4849066497880004,2.6390573296152584,104.0290909090909
2013-12-19 23:18:53.720,North (40–45N) | West (130–138E),2,1,5.3,150.09,5749305793082.908,1,0,0,12.759615408440217,1.0986122886681098,0.6931471805599453,150.09
2013-12-19 23:18:53.720,South (30–35N) | East (138–146E),12,6,5.2,121.16333333333334,6952983616498.398,1,0,0,12.842171206047158,2.5649493574615367,1.9459101490553132,121.16333333333334
2013-12-19 23:18:53.720,South (30–35N) | West (130–138E),7,6,4.7,104.8742857142857,2918827661164.3916,1,0,0,12.465208453324966,2.0794415416798357,1.9459101490553132,104.8742857142857
2014-01-18 23:18:53.720,Central (35–40N) | East (138–146E),49,37,5.6,43.60734693877551,71480273326841.02,1,0,0,13.854186204495502,3.912023005428146,3.6375861597263857,43.60734693877551
2014-01-18 23:18:53.720,Central (35–40N) | West (130–138E),0,0,0.0,,0.0,0,0,0,0.0,0.0,0.0,86.05303030303031
2014-01-18 23:18:53.720,North (40–45N) | East (138–146E),11,11,5.1,70.31363636363636,10606411180447.283,1,0,0,13.025568459472938,2.4849066497880004,2.4849066497880004,70.31363636363636
2014-01-18 23:18:53.720,North (40–45N) | West (130–138E),3,2,4.9,360.03,1856476027669.706,1,0,0,12.2686893456346,1.3862943611198906,1.0986122886681098,360.03
2014-01-18 23:18:53.720,South (30–35N) | East (138–146E),18,12,4.9,50.045555555555566,7013283450137.084,1,0,0,12.845921391778178,2.9444389791664403,2.5649493574615367,50.045555555555566
2014-01-18 23:18:53.720,South (30–35N) | West (130–138E),1,7,4.1,411.14,89125093813.3744,0,0,0,10.950000000004872,0.6931471805599453,2.0794415416798357,411.14
2014-02-17 23:18:53.720,Central (35–40N) | East (138–146E),39,49,5.3,48.585641025641024,28191802011039.633,1,0,0,13.450122836724347,3.6888794541139363,3.912023005428146,48.585641025641024
2014-02-17 23:18:53.720,Central (35–40N) | West (130–138E),1,0,4.1,261.64,89125093813.3744,0,0,0,10.950000000004872,0.6931471805599453,0.0,261.64
2014-02-17 23:18:53.720,North (40–45N) | East (138–146E),7,11,4.8,62.82142857142857,2426674139861.424,1,0,0,12.385011462050525,2.0794415416798357,2.4849066497880004,62.82142857142857
2014-02-17 23:18:53.720,North (40–45N) | West (130–138E),0,3,0.0,,0.0,0,0,0,0.0,0.0,1.3862943611198906,86.05303030303031
2014-02-17 23:18:53.720,South (30–35N) | East (138–146E),17,18,5.3,85.3935294117647,12427610240881.967,1,0,0,13.094387624299051,2.8903717578961645,2.9444389791664403,85.3935294117647
2014-02-17 23:18:53.720,South (30–35N) | West (130–138E),2,1,4.3,269.53499999999997,303720482183.3094,0,0,0,11.482474080689016,1.0986122886681098,0.6931471805599453,269.53499999999997
2014-03-19 23:18:53.720,Central (35–40N) | East (138–146E),33,39,5.0,56.27969696969698,14868657727847.986,1,1,1,13.172271764238147,3.5263605246161616,3.6888794541139363,56.27969696969698
2014-03-19 23:18:53.720,Central (35–40N) | West (130–138E),2,1,4.3,250.07,240923675451.91168,0,0,0,11.381879480003866,1.0986122886681098,0.6931471805599453,250.07
2014-03-19 23:18:53.720,North (40–45N) | East (138–146E),7,7,4.9,92.74428571428572,3214506376932.033,1,0,0,12.50711429165112,2.0794415416798357,2.0794415416798357,92.74428571428572
2014-03-19 23:18:53.720,North (40–45N) | West (130–138E),1,0,4.5,519.08,354813389233.57605,1,0,0,11.550000000001225,0.6931471805599453,0.0,519.08
2014-03-19 23:18:53.720,South (30–35N) | East (138–146E),16,17,5.0,62.49750000000001,10408753239082.924,1,0,0,13.017398712813808,2.833213344056216,2.8903717578961645,62.49750000000001
2014-03-19 23:18:53.720,South (30–35N) | West (130–138E),6,2,6.3,74.88666666666667,180134035953330.12,1,0,0,14.255595779616597,1.9459101490553132,1.0986122886681098,74.88666666666667
2014-04-18 23:18:53.720,Central (35–40N) | East (138–146E),53,33,5.5,39.329433962264154,45568493751458.5,1,1,1,13.658664673387346,3.9889840465642745,3.5263605246161616,39.329433962264154
2014-04-18 23:18:53.720,Central (35–40N) | West (130–138E),1,2,4.0,49.06,63095734448.019424,0,0,0,10.800000000006884,0.6931471805599453,1.0986122886681098,49.06
2014-04-18 23:18:53.720,North (40–45N) | East (138–146E),8,7,4.9,74.75375,3093723824645.615,1,0,0,12.490481541817967,2.1972245773362196,2.0794415416798357,74.75375
2014-04-18 23:18:53.720,North (40–45N) | West (130–138E),1,1,4.3,62.09,177827941003.89227,0,0,0,11.250000000002442,0.6931471805599453,0.6931471805599453,62.09
2014-04-18 23:18:53.720,South (30–35N) | East (138–146E),4,16,4.6,252.5825,816068050434.1251,1,0,0,11.91172637529333,1.6094379124341003,2.833213344056216,252.5825
2014-04-18 23:18:53.720,South (30–35N) | West (130–138E),4,6,4.6,162.8475,1566657435329.834,1,0,0,12.19497404419689,1.6094379124341003,1.9459101490553132,162.8475
2014-05-18 23:18:53.720,Central (35–40N) | East (138–146E),34,53,5.6,41.3785294117647,31371297596260.164,1,0,0,13.49653248258812,3.5553480614894135,3.9889840465642745,41.3785294117647
2014-05-18 23:18:53.720,Central (35–40N) | West (130–138E),5,1,4.5,174.904,983679655922.7856,1,0,0,11.99285368957404,1.791759469228055,0.6931471805599453,174.904
2014-05-18 23:18:53.720,North (40–45N) | East (138–146E),8,8,4.9,83.0625,3325056773067.999,1,0,0,12.521799064983512,2.1972245773362196,2.1972245773362196,83.0625
2014-05-18 23:18:53.720,North (40–45N) | West (130–138E),0,1,0.0,,0.0,0,0,0,0.0,0.0,0.6931471805599453,86.05303030303031
2014-05-18 23:18:53.720,South (30–35N) | East (138–146E),7,4,6.0,117.79714285714284,66103955899141.67,1,1,1,13.820227450011528,2.0794415416798357,1.6094379124341003,117.79714285714284
2014-05-18 23:18:53.720,South (30–35N) | West (130–138E),2,4,4.5,196.72,532641330237.4683,1,0,0,11.726434862437301,1.0986122886681098,1.6094379124341003,196.72
2014-06-17 23:18:53.720,Central (35–40N) | East (138–146E),26,34,5.6,43.087307692307704,48865659684529.44,1,1,1,13.689003766104728,3.295836866004329,3.5553480614894135,43.087307692307704
2014-06-17 23:18:53.720,Central (35–40N) | West (130–138E),2,5,4.4,136.81,377081184330.37537,0,0,0,11.576434862437639,1.0986122886681098,1.791759469228055,136.81
2014-06-17 23:18:53.720,North (40–45N) | East (138–146E),8,8,4.6,88.5575,2262974614202.3877,1,0,0,12.354679682115036,2.1972245773362196,2.1972245773362196,88.5575
2014-06-17 23:18:53.720,North (40–45N) | West (130–138E),1,0,4.0,540.54,63095734448.019424,0,0,0,10.800000000006884,0.6931471805599453,0.0,540.54
2014-06-17 23:18:53.720,South (30–35N) | East (138–146E),16,7,5.3,69.87875,20185327179445.453,1,0,0,13.305035793185352,2.833213344056216,2.0794415416798357,69.87875
2014-06-17 23:18:53.720,South (30–35N) | West (130–138E),6,2,4.6,225.26833333333335,1297020034413.4507,1,0,0,12.11294668446376,1.9459101490553132,1.0986122886681098,225.26833333333335
2014-07-17 23:18:53.720,Central (35–40N) | East (138–146E),63,26,6.5,34.35396825396825,410328500192867.5,1,0,0,14.613131682812964,4.1588830833596715,3.295836866004329,34.35396825396825
2014-07-17 23:18:53.720,Central (35–40N) | West (130–138E),0,2,0.0,,0.0,0,0,0,0.0,0.0,1.0986122886681098,86.05303030303031
2014-07-17 23:18:53.720,North (40–45N) | East (138–146E),6,8,5.5,72.27166666666666,14165310259693.875,1,1,1,13.151226091217755,1.9459101490553132,2.1972245773362196,72.27166666666666
2014-07-17 23:18:53.720,North (40–45N) | West (130–138E),0,1,0.0,,0.0,0,0,0,0.0,0.0,0.6931471805599453,86.05303030303031
2014-07-17 23:18:53.720,South (30–35N) | East (138–146E),11,16,4.6,57.96363636363637,3213226140404.8296,1,0,0,12.506941291400986,2.4849066497880004,2.833213344056216,57.96363636363637
2014-07-17 23:18:53.720,South (30–35N) | West (130–138E),4,6,4.7,82.3925,1980174536843.5713,1,0,0,12.296703471598795,1.6094379124341003,1.9459101490553132,82.3925
2014-08-16 23:18:53.720,Central (35–40N) | East (138–146E),33,63,4.8,40.38757575757576,12598575186334.76,1,0,0,13.100321432125403,3.5263605246161616,4.1588830833596715,40.38757575757576
2014-08-16 23:18:53.720,Central (35–40N) | West (130–138E),1,0,4.7,10.0,707945784384.1403,1,0,0,11.850000000000614,0.6931471805599453,0.0,10.0
2014-08-16 23:18:53.720,North (40–45N) | East (138–146E),16,6,6.1,65.706875,96821271565591.61,1,1,2,13.985970781984832,2.833213344056216,1.9459101490553132,65.706875
2014-08-16 23:18:53.720,North (40–45N) | West (130–138E),0,0,0.0,,0.0,0,0,0,0.0,0.0,0.0,86.05303030303031
2014-08-16 23:18:53.720,South (30–35N) | East (138–146E),9,11,4.7,42.553333333333335,4174206432730.2407,1,1,1,12.620573923018647,2.302585092994046,2.4849066497880004,42.553333333333335
2014-08-16 23:18:53.720,South (30–35N) | West (130–138E),6,4,4.7,108.68333333333334,2004123326023.3828,1,1,1,12.301924442825896,1.9459101490553132,1.6094379124341003,108.68333333333334
2014-09-15 23:18:53.720,Central (35–40N) | East (138–146E),39,33,5.2,41.06461538461539,19883842778861.906,1,1,3,13.298500320522976,3.6888794541139363,3.5263605246161616,41.06461538461539
2014-09-15 23:18:53.720,Central (35–40N) | West (130–138E),0,1,0.0,,0.0,0,0,0,0.0,0.0,0.6931471805599453,86.05303030303031
2014-09-15 23:18:53.720,North (40–45N) | East (138–146E),10,16,5.4,75.844,15422573617178.734,1,0,0,13.188156851955966,2.3978952727983707,2.833213344056216,75.844
2014-09-15 23:18:53.720,North (40–45N) | West (130–138E),0,0,0.0,,0.0,0,0,0,0.0,0.0,0.0,86.05303030303031
2014-09-15 23:18:53.720,South (30–35N) | East (138–146E),7,9,5.2,142.0914285714286,5341482160146.603,1,0,0,12.72766178224554,2.0794415416798357,2.302585092994046,142.0914285714286
2014-09-15 23:18:53.720,South (30–35N) | West (130–138E),8,6,5.8,118.69125,33608533213369.863,1,0,0,13.52644955884735,2.1972245773362196,1.9459101490553132,118.69125
2014-10-15 23:18:53.720,Central (35–40N) | East (138–146E),25,39,5.5,44.708400000000005,26567288830054.305,1,0,0,13.424347237277303,3.258096538021482,3.6888794541139363,44.708400000000005
2014-10-15 23:18:53.720,Central (35–40N) | West (130–138E),1,0,4.3,49.82,177827941003.89227,0,0,0,11.250000000002442,0.6931471805599453,0.0,49.82
2014-10-15 23:18:53.720,North (40–45N) | East (138–146E),17,10,6.1,75.27764705882353,115495212323156.03,1,0,0,14.062563981589811,2.8903717578961645,2.3978952727983707,75.27764705882353
2014-10-15 23:18:53.720,North (40–45N) | West (130–138E),1,0,4.1,268.5,89125093813.3744,0,0,0,10.950000000004872,0.6931471805599453,0.0,268.5
2014-10-15 23:18:53.720,South (30–35N) | East (138–146E),14,7,4.8,25.754285714285714,5613502337109.4795,1,1,1,12.74923390779485,2.70805020110221,2.0794415416798357,25.754285714285714
2014-10-15 23:18:53.720,South (30–35N) | West (130–138E),5,8,4.5,241.712,659255045756.3636,1,0,0,11.81905346244908,1.791759469228055,2.1972245773362196,241.712
2014-11-14 23:18:53.720,Central (35–40N) | East (138–146E),24,25,5.1,49.09041666666667,11779240898210.555,1,1,2,13.071117303664966,3.2188758248682006,3.258096538021482,49.09041666666667
2014-11-14 23:18:53.720,Central (35–40N) | West (130–138E),0,1,0.0,,0.0,0,1,1,0.0,0.0,0.6931471805599453,86.05303030303031
2014-11-14 23:18:53.720,North (40–45N) | East (138–146E),16,17,4.8,86.575625,6082187972860.156,1,0,0,12.784059838089409,2.833213344056216,2.8903717578961645,86.575625
2014-11-14 23:18:53.720,North (40–45N) | West (130–138E),1,1,4.3,277.29,177827941003.89227,0,0,0,11.250000000002442,0.6931471805599453,0.6931471805599453,277.29
2014-11-14 23:18:53.720,South (30–35N) | East (138–146E),15,14,5.5,78.72533333333334,17641627588161.14,1,0,0,13.246538649953969,2.772588722239781,2.70805020110221,78.72533333333334
2014-11-14 23:18:53.720,South (30–35N) | West (130–138E),5,5,4.6,72.95,1363034840355.8174,1,1,2,12.13450695692149,1.791759469228055,1.791759469228055,72.95
2014-12-14 23:18:53.720,Central (35–40N) | East (138–146E),42,24,5.6,38.754285714285714,31355596329948.188,1,1,3,13.496315064730044,3.7612001156935624,3.2188758248682006,38.754285714285714
2014-12-14 23:18:53.720,Central (35–40N) | West (130–138E),6,0,6.2,71.565,129422819291878.03,1,0,0,14.112010856076282,1.9459101490553132,0.0,71.565
2014-12-14 23:18:53.720,North (40–45N) | East (138–146E),7,16,4.7,84.51,1452265431968.7014,1,1,1,12.162046000044928,2.0794415416798357,2.833213344056216,84.51
2014-12-14 23:18:53.720,North (40–45N) | West (130–138E),0,1,0.0,,0.0,0,0,0,0.0,0.0,0.6931471805599453,86.05303030303031
2014-12-14 23:18:53.720,South (30–35N) | East (138–146E),15,15,5.0,114.93533333333333,5959048670991.594,1,1,2,12.775176932573165,2.772588722239781,2.772588722239781,114.93533333333333
2014-12-14 23:18:53.720,South (30–35N) | West (130–138E),10,5,5.1,17.261000000000003,7008384967816.875,1,0,0,12.845617949439577,2.3978952727983707,1.791759469228055,17.261000000000003
2015-01-13 23:18:53.720,Central (35–40N) | East (138–146E),37,42,5.9,39.524864864864874,66914953639938.85,1,0,0,13.825523181409228,3.6375861597263857,3.7612001156935624,39.524864864864874
2015-01-13 23:18:53.720,Central (35–40N) | West (130–138E),1,6,4.4,10.0,251188643150.95822,0,0,0,11.400000000001729,0.6931471805599453,1.9459101490553132,10.0
2015-01-13 23:18:53.720,North (40–45N) | East (138–146E),8,7,5.3,81.48,14559315571756.537,1,0,0,13.163140959427876,2.1972245773362196,2.0794415416798357,81.48
2015-01-13 23:18:53.720,North (40–45N) | West (130–138E),0,0,0.0,,0.0,0,0,0,0.0,0.0,0.0,86.05303030303031
2015-01-13 23:18:53.720,South (30–35N) | East (138–146E),20,15,5.3,42.6395,19282270645721.707,1,1,1,13.285158174320083,3.044522437723423,2.772588722239781,42.6395
2015-01-13 23:18:53.720,South (30–35N) | West (130–138E),5,10,5.0,60.354,2779688727565.1855,1,0,0,12.443996165893218,1.791759469228055,2.3978952727983707,60.354
2015-02-12 23:18:53.720,Central (35–40N) | East (138–146E),28,37,4.9,52.08678571428571,10075467815885.031,1,1,7,13.003265220087695,3.367295829986474,3.6375861597263857,52.08678571428571
2015-02-12 23:18:53.720,Central (35–40N) | West (130–138E),1,1,4.6,33.07,501187233627.2715,1,0,0,11.700000000000866,0.6931471805599453,0.6931471805599453,33.07
2015-02-12 23:18:53.720,North (40–45N) | East (138–146E),4,8,4.6,63.254999999999995,1446312950301.4934,1,1,3,12.160262274897775,1.6094379124341003,2.1972245773362196,63.254999999999995
2015-02-12 23:18:53.720,North (40–45N) | West (130–138E),1,0,4.6,350.33,501187233627.2715,1,0,0,11.700000000000866,0.6931471805599453,0.0,350.33
2015-02-12 23:18:53.720,South (30–35N) | East (138–146E),13,20,5.3,90.9523076923077,9676724277842.111,1,1,1,12.985728366727741,2.6390573296152584,3.044522437723423,90.9523076923077
2015-02-12 23:18:53.720,South (30–35N) | West (130–138E),4,5,4.7,42.5525,1377043551216.6938,1,0,0,12.13894767573581,1.6094379124341003,1.791759469228055,42.5525
2015-03-14 23:18:53.720,Central (35–40N) | East (138–146E),65,28,6.7,27.22907692307692,964719183305327.4,1,1,1,14.984400914494843,4.189654742026425,3.367295829986474,27.22907692307692
2015-03-14 23:18:53.720,Central (35–40N) | West (130–138E),4,1,4.7,232.48250000000002,1450056693463.3235,1,0,0,12.161384982357312,1.6094379124341003,0.6931471805599453,232.48250000000002
2015-03-14 23:18:53.720,North (40–45N) | East (138–146E),10,4,5.5,56.653,21809871299778.234,1,0,0,13.338653102811135,2.3978952727983707,1.6094379124341003,56.653
2015-03-14 23:18:53.720,North (40–45N) | West (130–138E),0,1,0.0,,0.0,0,0,0,0.0,0.0,0.6931471805599453,86.05303030303031
2015-03-14 23:18:53.720,South (30–35N) | East (138–146E),25,13,5.9,52.242000000000004,59474615734734.28,1,0,0,13.774331644743382,3.258096538021482,2.6390573296152584,52.242000000000004
2015-03-14 23:18:53.720,South (30–35N) | West (130–138E),4,4,4.6,257.3575,805329962433.4374,1,0,0,11.905973857391038,1.6094379124341003,1.6094379124341003,257.3575
2015-04-13 23:18:53.720,Central (35–40N) | East (138–146E),39,65,5.4,44.321538461538466,21875926005933.848,1,1,1,13.339966445728907,3.6888794541139363,4.189654742026425,44.321538461538466
2015-04-13 23:18:53.720,Central (35–40N) | West (130–138E),3,4,4.5,220.54,569831024226.3676,1,0,0,11.755746090540454,1.3862943611198906,1.6094379124341003,220.54
2015-04-13 23:18:53.720,North (40–45N) | East (138–146E),11,10,4.9,73.55181818181819,3728640437065.37,1,0,0,12.571550505182971,2.4849066497880004,2.3978952727983707,73.55181818181819
2015-04-13 23:18:53.720,North (40–45N) | West (130–138E),0,0,0.0,,0.0,0,0,0,0.0,0.0,0.0,86.05303030303031
2015-04-13 23:18:53.720,South (30–35N) | East (138–146E),7,25,4.7,31.832857142857144,2223322771436.082,1,1,2,12.347002516085572,2.0794415416798357,3.258096538021482,31.832857142857144
2015-04-13 23:18:53.720,South (30–35N) | West (130–138E),2,4,4.6,97.045,679015174631.1638,1,0,0,11.831879480002701,1.0986122886681098,1.6094379124341003,97.045
2015-05-13 23:18:53.720,Central (35–40N) | East (138–146E),22,39,6.8,47.443636363636365,1010116084612841.0,1,1,2,15.00437128666362,3.1354942159291497,3.6888794541139363,47.443636363636365
2015-05-13 23:18:53.720,Central (35–40N) | West (130–138E),1,3,4.2,351.0,125892541179.41713,0,0,0,11.100000000003451,0.6931471805599453,1.3862943611198906,351.0
2015-05-13 23:18:53.720,North (40–45N) | East (138–146E),12,11,5.4,68.98916666666666,11419773683629.53,1,0,0,13.057657497173896,2.5649493574615367,2.4849066497880004,68.98916666666666
2015-05-13 23:18:53.720,North (40–45N) | West (130–138E),0,0,0.0,,0.0,0,1,1,0.0,0.0,0.0,86.05303030303031
2015-05-13 23:18:53.720,South (30–35N) | East (138–146E),31,7,6.0,24.62677419354839,115673281508941.73,1,0,0,14.063233056157868,3.4657359027997265,2.0794415416798357,24.62677419354839
2015-05-13 23:18:53.720,South (30–35N) | West (130–138E),4,2,4.5,178.1925,1023911156066.1298,1,0,0,12.0102622748979,1.6094379124341003,1.0986122886681098,178.1925
2015-06-12 23:18:53.720,Central (35–40N) | East (138–146E),29,22,5.8,33.250344827586204,98044648529085.23,1,0,0,13.99142389399856,3.4011973816621555,3.1354942159291497,33.250344827586204
2015-06-12 23:18:53.720,Central (35–40N) | West (130–138E),1,1,4.1,242.06,89125093813.3744,0,0,0,10.950000000004872,0.6931471805599453,0.6931471805599453,242.06
2015-06-12 23:18:53.720,North (40–45N) | East (138–146E),13,12,6.1,61.31153846153847,93092192951373.16,1,0,0,13.968913260999534,2.6390573296152584,2.5649493574615367,61.31153846153847
2015-06-12 23:18:53.720,North (40–45N) | West (130–138E),1,0,5.1,385.81,2818382931264.449,1,0,0,12.450000000000154,0.6931471805599453,0.0,385.81
2015-06-12 23:18:53.720,South (30–35N) | East (138–146E),16,31,6.2,58.845,133010885169899.92,1,0,0,14.123887183642132,2.833213344056216,3.4657359027997265,58.845
2015-06-12 23:18:53.720,South (30–35N) | West (130–138E),6,4,4.7,264.49666666666667,1643996586033.961,1,0,0,12.215900911338023,1.9459101490553132,1.6094379124341003,264.49666666666667
2015-07-12 23:18:53.720,Central (35–40N) | East (138–146E),27,29,4.8,38.45148148148149,9412358088502.355,1,1,1,12.973698441336829,3.332204510175204,3.4011973816621555,38.45148148148149
2015-07-12 23:18:53.720,Central (35–40N) | West (130–138E),1,1,4.3,408.57,177827941003.89227,0,0,0,11.250000000002442,0.6931471805599453,0.6931471805599453,408.57
2015-07-12 23:18:53.720,North (40–45N) | East (138–146E),10,13,5.5,105.09700000000001,18254643075257.4,1,0,0,13.261373345806089,2.3978952727983707,2.6390573296152584,105.09700000000001
2015-07-12 23:18:53.720,North (40–45N) | West (130–138E),0,1,0.0,,0.0,0,0,0,0.0,0.0,0.6931471805599453,86.05303030303031
2015-07-12 23:18:53.720,South (30–35N) | East (138–146E),14,16,4.9,33.517857142857146,5100243076653.508,1,0,0,12.707590874986964,2.70805020110221,2.833213344056216,33.517857142857146
2015-07-12 23:18:53.720,South (30–35N) | West (130–138E),4,6,5.5,213.675,11841950967070.496,1,0,0,13.073423258504606,1.6094379124341003,1.9459101490553132,213.675
2015-08-11 23:18:53.720,Central (35–40N) | East (138–146E),30,27,5.2,40.631,19848877001382.613,1,1,1,13.297735940524888,3.4339872044851463,3.332204510175204,40.631
2015-08-11 23:18:53.720,Central (35–40N) | West (130–138E),1,1,4.3,407.91,177827941003.89227,0,0,0,11.250000000002442,0.6931471805599453,0.6931471805599453,407.91
2015-08-11 23:18:53.720,North (40–45N) | East (138–146E),11,10,4.9,63.36090909090908,4821698461991.213,1,1,1,12.6832000471058,2.4849066497880004,2.3978952727983707,63.36090909090908
2015-08-11 23:18:53.720,North (40–45N) | West (130–138E),0,0,0.0,,0.0,0,0,0,0.0,0.0,0.0,86.05303030303031
2015-08-11 23:18:53.720,South (30–35N) | East (138–146E),25,14,4.9,19.5728,11850584038885.63,1,0,0,13.073739754448681,3.258096538021482,2.70805020110221,19.5728
2015-08-11 23:18:53.720,South (30–35N) | West (130–138E),10,4,4.8,141.164,4297105720206.0044,1,1,2,12.633176038612394,2.3978952727983707,1.6094379124341003,141.164
2015-09-10 23:18:53.720,Central (35–40N) | East (138–146E),35,30,5.4,40.00628571428572,24780928308366.96,1,1,1,13.394117571275329,3.58351893845611,3.4339872044851463,40.00628571428572
2015-09-10 23:18:53.720,Central (35–40N) | West (130–138E),3,1,4.5,280.81333333333333,481004858129.61487,1,0,0,11.68214946275359,1.3862943611198906,0.6931471805599453,280.81333333333333
2015-09-10 23:18:53.720,North (40–45N) | East (138–146E),11,11,5.2,88.04636363636365,6560820165502.145,1,1,1,12.816958133748761,2.4849066497880004,2.4849066497880004,88.04636363636365
2015-09-10 23:18:53.720,North (40–45N) | West (130–138E),1,0,4.4,384.92,251188643150.95822,0,0,0,11.400000000001729,0.6931471805599453,0.0,384.92
2015-09-10 23:18:53.720,South (30–35N) | East (138–146E),30,25,6.0,53.795,94201460865026.62,1,0,0,13.974057637832164,3.4339872044851463,3.258096538021482,53.795
2015-09-10 23:18:53.720,South (30–35N) | West (130–138E),7,10,5.2,73.73142857142857,8542419037722.96,1,0,0,12.931580871388114,2.0794415416798357,2.3978952727983707,73.73142857142857
2015-10-10 23:18:53.720,Central (35–40N) | East (138–146E),27,35,5.1,42.55,11873559666237.979,1,1,1,13.074580938975373,3.332204510175204,3.58351893845611,42.55
2015-10-10 23:18:53.720,Central (35–40N) | West (130–138E),2,3,4.2,387.87,188988275627.43655,0,0,0,11.276434862438785,1.0986122886681098,1.3862943611198906,387.87
2015-10-10 23:18:53.720,North (40–45N) | East (138–146E),11,11,5.4,45.18727272727273,15672029905580.814,1,0,0,13.19512525171414,2.4849066497880004,2.4849066497880004,45.18727272727273
2015-10-10 23:18:53.720,North (40–45N) | West (130–138E),0,1,0.0,,0.0,0,0,0,0.0,0.0,0.6931471805599453,86.05303030303031
2015-10-10 23:18:53.720,South (30–35N) | East (138–146E),17,30,4.8,87.51882352941176,6693055936395.338,1,0,0,12.82562445458168,2.8903717578961645,3.4339872044851463,87.51882352941176
2015-10-10 23:18:53.720,South (30–35N) | West (130–138E),5,7,4.6,160.5,1322206901004.5972,1,0,0,12.121299419547702,1.791759469228055,2.0794415416798357,160.5
2015-11-09 23:18:53.720,Central (35–40N) | East (138–146E),26,27,5.3,34.66,19149348280672.54,1,1,1,13.282153997995318,3.295836866004329,3.332204510175204,34.66
2015-11-09 23:18:53.720,Central (35–40N) | West (130–138E),4,2,4.6,178.2875,1254159549613.3772,1,0,0,12.098352789373022,1.6094379124341003,1.0986122886681098,178.2875
2015-11-09 23:18:53.720,North (40–45N) | East (138–146E),14,11,5.4,67.67214285714286,11514446833593.98,1,0,0,13.061243078827578,2.70805020110221,2.4849066497880004,67.67214285714286
2015-11-09 23:18:53.720,North (40–45N) | West (130–138E),2,0,4.3,433.755,240923675451.91168,0,0,0,11.381879480003866,1.0986122886681098,0.0,433.755
2015-11-09 23:18:53.720,South (30–35N) | East (138–146E),8,17,4.9,111.22874999999999,3687058720908.613,1,0,0,12.566680054330808,2.1972245773362196,2.8903717578961645,111.22874999999999
2015-11-09 23:18:53.720,South (30–35N) | West (130–138E),8,5,4.6,26.1625,2246675121408.0166,1,0,0,12.351540276166268,2.1972245773362196,1.791759469228055,26.1625
2015-12-09 23:18:53.720,Central (35–40N) | East (138–146E),26,26,5.2,43.97192307692308,14230786441318.805,1,0,0,13.15322890132728,3.295836866004329,3.295836866004329,43.97192307692308
2015-12-09 23:18:53.720,Central (35–40N) | West (130–138E),3,4,4.1,211.70333333333335,186193469973.99158,0,0,0,11.26996444569174,1.3862943611198906,1.6094379124341003,211.70333333333335
2015-12-09 23:18:53.720,North (40–45N) | East (138–146E),10,14,4.8,74.094,4547872116734.105,1,0,0,12.6578082441034,2.3978952727983707,2.70805020110221,74.094
2015-12-09 23:18:53.720,North (40–45N) | West (130–138E),0,2,0.0,,0.0,0,0,0,0.0,0.0,1.0986122886681098,86.05303030303031
2015-12-09 23:18:53.720,South (30–35N) | East (138–146E),9,8,5.0,197.9022222222222,4146168383366.2104,1,0,0,12.617646935597271,2.302585092994046,2.1972245773362196,197.9022222222222
2015-12-09 23:18:53.720,South (30–35N) | West (130–138E),2,8,4.7,80.01,1209133018011.4116,1,0,0,12.082474080687946,1.0986122886681098,2.1972245773362196,80.01
2016-01-08 23:18:53.720,Central (35–40N) | East (138–146E),19,26,4.7,42.695263157894736,5347920751372.814,1,0,0,12.728184963007289,2.995732273553991,3.295836866004329,42.695263157894736
2016-01-08 23:18:53.720,Central (35–40N) | West (130–138E),1,3,4.0,2.84,63095734448.019424,0,0,0,10.800000000006884,0.6931471805599453,1.3862943611198906,2.84
2016-01-08 23:18:53.720,North (40–45N) | East (138–146E),11,10,4.5,59.24272727272728,2060790951210.4558,1,1,2,12.314033938727292,2.4849066497880004,2.3978952727983707,59.24272727272728
2016-01-08 23:18:53.720,North (40–45N) | West (130–138E),1,0,4.0,472.56,63095734448.019424,0,0,0,10.800000000006884,0.6931471805599453,0.0,472.56
2016-01-08 23:18:53.720,South (30–35N) | East (138–146E),4,9,4.8,30.325,1804907715810.581,1,0,0,12.256455001511274,1.6094379124341003,2.302585092994046,30.325
2016-01-08 23:18:53.720,South (30–35N) | West (130–138E),11,2,5.8,132.65363636363637,33660756192739.86,1,0,0,13.527123868224644,2.4849066497880004,1.0986122886681098,132.65363636363637
2016-02-07 23:18:53.720,Central (35–40N) | East (138–146E),22,19,5.3,50.06818181818182,13078288563892.88,1,1,1,13.116550915556505,3.1354942159291497,2.995732273553991,50.06818181818182
2016-02-07 23:18:53.720,Central (35–40N) | West (130–138E),1,1,4.2,10.0,125892541179.41713,0,0,0,11.100000000003451,0.6931471805599453,0.6931471805599453,10.0
2016-02-07 23:18:53.720,North (40–45N) | East (138–146E),15,11,6.7,90.246,838799823487219.1,1,0,0,14.923658330402588,2.772588722239781,2.4849066497880004,90.246
2016-02-07 23:18:53.720,North (40–45N) | West (130–138E),1,1,4.0,278.92,63095734448.019424,0,0,0,10.800000000006884,0.6931471805599453,0.6931471805599453,278.92
2016-02-07 23:18:53.720,South (30–35N) | East (138–146E),4,4,4.8,85.745,1731894573563.9514,1,1,1,12.238521451473163,1.6094379124341003,1.6094379124341003,85.745
2016-02-07 23:18:53.720,South (30–35N) | West (130–138E),11,11,4.8,34.39909090909091,3728411085822.844,1,0,0,12.571523790608513,2.4849066497880004,2.4849066497880004,34.39909090909091
2016-03-08 23:18:53.720,Central (35–40N) | East (138–146E),16,22,5.1,39.72,8536268821909.706,1,0,0,12.931268083318255,2.833213344056216,3.1354942159291497,39.72
2016-03-08 23:18:53.720,Central (35–40N) | West (130–138E),1,1,4.0,272.76,63095734448.019424,0,0,0,10.800000000006884,0.6931471805599453,0.6931471805599453,272.76
2016-03-08 23:18:53.720,North (40–45N) | East (138–146E),14,15,5.1,89.82428571428571,6011569827084.813,1,0,0,12.778987895998872,2.70805020110221,2.772588722239781,89.82428571428571
2016-03-08 23:18:53.720,North (40–45N) | West (130–138E),0,1,0.0,,0.0,0,0,0,0.0,0.0,0.6931471805599453,86.05303030303031
2016-03-08 23:18:53.720,South (30–35N) | East (138–146E),5,4,5.7,217.86999999999998,23664988194293.977,1,0,0,13.374106292148452,1.791759469228055,1.6094379124341003,217.86999999999998
2016-03-08 23:18:53.720,South (30–35N) | West (130–138E),6,11,5.3,174.2733333333333,6580541795975.466,1,0,0,12.818261651868696,1.9459101490553132,2.4849066497880004,174.2733333333333
2016-04-07 23:18:53.720,Central (35–40N) | East (138–146E),23,16,4.8,38.88956521739131,8237266499236.602,1,1,1,12.915783116885233,3.1780538303479458,2.833213344056216,38.88956521739131
2016-04-07 23:18:53.720,Central (35–40N) | West (130–138E),1,1,4.1,364.19,89125093813.3744,0,0,0,10.950000000004872,0.6931471805599453,0.6931471805599453,364.19
2016-04-07 23:18:53.720,North (40–45N) | East (138–146E),10,14,4.8,92.05799999999999,3496533156117.5063,1,0,0,12.543637650823372,2.3978952727983707,2.70805020110221,92.05799999999999
2016-04-07 23:18:53.720,North (40–45N) | West (130–138E),0,0,0.0,,0.0,0,0,0,0.0,0.0,0.0,86.05303030303031
2016-04-07 23:18:53.720,South (30–35N) | East (138–146E),9,5,4.7,31.564444444444444,3734491286082.3857,1,0,0,12.572231450410086,2.302585092994046,1.791759469228055,31.564444444444444
2016-04-07 23:18:53.720,South (30–35N) | West (130–138E),2,6,5.9,194.85,44794251756275.945,1,1,17,13.65122228652715,1.0986122886681098,1.9459101490553132,194.85
2016-05-07 23:18:53.720,Central (35–40N) | East (138–146E),23,23,5.9,43.14478260869566,54104572100457.016,1,1,1,13.733233966661084,3.1780538303479458,3.1780538303479458,43.14478260869566
2016-05-07 23:18:53.720,Central (35–40N) | West (130–138E),2,1,4.4,202.835,314284377598.97766,0,0,0,11.497322793710078,1.0986122886681098,0.6931471805599453,202.835
2016-05-07 23:18:53.720,North (40–45N) | East (138–146E),7,10,4.7,60.43142857142857,2171734931512.0432,1,0,0,12.336806816862387,2.0794415416798357,2.3978952727983707,60.43142857142857
2016-05-07 23:18:53.720,North (40–45N) | West (130–138E),1,0,4.1,478.82,89125093813.3744,0,0,0,10.950000000004872,0.6931471805599453,0.0,478.82
2016-05-07 23:18:53.720,South (30–35N) | East (138–146E),11,9,4.7,154.2590909090909,3658875821164.757,1,1,1,12.563347670186896,2.4849066497880004,2.302585092994046,154.2590909090909
2016-05-07 23:18:53.720,South (30–35N) | West (130–138E),92,2,7.0,14.614347826086956,2314720690807216.5,1,0,0,15.364498593730021,4.532599493153256,1.0986122886681098,14.614347826086956
2016-06-06 23:18:53.720,Central (35–40N) | East (138–146E),26,23,5.4,56.919230769230765,14273660706844.875,1,1,2,13.154535369113084,3.295836866004329,3.1780538303479458,56.919230769230765
2016-06-06 23:18:53.720,Central (35–40N) | West (130–138E),2,2,4.2,315.45,215017634992.79153,0,0,0,11.332474080689607,1.0986122886681098,1.0986122886681098,315.45
2016-06-06 23:18:53.720,North (40–45N) | East (138–146E),6,7,4.9,72.35000000000001,2687289783939.4067,1,1,1,12.429314501111403,1.9459101490553132,2.0794415416798357,72.35000000000001
2016-06-06 23:18:53.720,North (40–45N) | West (130–138E),0,1,0.0,,0.0,0,0,0,0.0,0.0,0.6931471805599453,86.05303030303031
2016-06-06 23:18:53.720,South (30–35N) | East (138–146E),11,11,5.5,82.58363636363637,14082341037352.736,1,0,0,13.148674857582535,2.4849066497880004,2.4849066497880004,82.58363636363637
2016-06-06 23:18:53.720,South (30–35N) | West (130–138E),7,92,4.8,33.24285714285714,2390674498547.1694,1,0,0,12.378520448927322,2.0794415416798357,4.532599493153256,33.24285714285714
2016-07-06 23:18:53.720,Central (35–40N) | East (138–146E),34,26,5.7,36.96117647058823,37004677644320.164,1,1,3,13.568256625329573,3.5553480614894135,3.295836866004329,36.96117647058823
2016-07-06 23:18:53.720,Central (35–40N) | West (130–138E),3,2,4.6,108.21,981893164040.2646,1,0,0,11.992064236471814,1.3862943611198906,1.0986122886681098,108.21
2016-07-06 23:18:53.720,North (40–45N) | East (138–146E),9,6,5.2,72.32,5789056201703.448,1,0,0,12.762607765834144,2.302585092994046,1.9459101490553132,72.32
2016-07-06 23:18:53.720,North (40–45N) | West (130–138E),0,0,0.0,,0.0,0,0,0,0.0,0.0,0.0,86.05303030303031
2016-07-06 23:18:53.720,South (30–35N) | East (138–146E),8,11,4.9,91.06375,3547157468868.3193,1,0,0,12.549880468523542,2.1972245773362196,2.4849066497880004,91.06375
2016-07-06 23:18:53.720,South (30–35N) | West (130–138E),6,7,4.9,78.75166666666667,4196367518011.1816,1,0,0,12.62287351671292,1.9459101490553132,2.0794415416798357,78.75166666666667
2016-08-05 23:18:53.720,Central (35–40N) | East (138–146E),27,34,5.3,33.196666666666665,18756988186415.7,1,1,2,13.27316310488376,3.332204510175204,3.5553480614894135,33.196666666666665
2016-08-05 23:18:53.720,Central (35–40N) | West (130–138E),0,3,0.0,,0.0,0,0,0,0.0,0.0,1.3862943611198906,86.05303030303031
2016-08-05 23:18:53.720,North (40–45N) | East (138–146E),12,9,4.8,114.11416666666663,4694693908447.1,1,0,0,12.671607281755385,2.5649493574615367,2.302585092994046,114.11416666666663
2016-08-05 23:18:53.720,North (40–45N) | West (130–138E),0,0,0.0,,0.0,0,0,0,0.0,0.0,0.0,86.05303030303031
2016-08-05 23:18:53.720,South (30–35N) | East (138–146E),18,8,4.8,18.49555555555556,9303780241303.229,1,1,1,12.968659443646867,2.9444389791664403,2.1972245773362196,18.49555555555556
2016-08-05 23:18:53.720,South (30–35N) | West (130–138E),9,6,4.7,254.82444444444445,1781891954611.1306,1,0,0,12.250881366963299,2.302585092994046,1.9459101490553132,254.82444444444445
2016-09-04 23:18:53.720,Central (35–40N) | East (138–146E),23,27,5.6,38.713913043478264,38960508065357.87,1,1,2,13.59062461167021,3.1780538303479458,3.332204510175204,38.713913043478264
2016-09-04 23:18:53.720,Central (35–40N) | West (130–138E),0,0,0.0,,0.0,0,0,0,0.0,0.0,0.0,86.05303030303031
2016-09-04 23:18:53.720,North (40–45N) | East (138–146E),13,12,6.0,36.53,109002696350777.48,1,1,1,14.037437241021182,2.6390573296152584,2.5649493574615367,36.53
2016-09-04 23:18:53.720,North (40–45N) | West (130–138E),0,0,0.0,,0.0,0,0,0,0.0,0.0,0.0,86.05303030303031
2016-09-04 23:18:53.720,South (30–35N) | East (138–146E),13,18,5.3,55.62923076923077,15570822051571.951,1,0,0,13.192311541472275,2.6390573296152584,2.9444389791664403,55.62923076923077
2016-09-04 23:18:53.720,South (30–35N) | West (130–138E),9,9,5.9,145.65333333333334,49097093892433.15,1,0,0,13.69105578654595,2.302585092994046,2.302585092994046,145.65333333333334
2016-10-04 23:18:53.720,Central (35–40N) | East (138–146E),19,23,5.4,39.322105263157894,16214153101215.15,1,0,0,13.2098942695015,2.995732273553991,3.1780538303479458,39.322105263157894
2016-10-04 23:18:53.720,Central (35–40N) | West (130–138E),1,0,4.4,30.1,251188643150.95822,0,0,0,11.400000000001729,0.6931471805599453,0.0,30.1
2016-10-04 23:18:53.720,North (40–45N) | East (138–146E),6,13,5.3,61.61666666666667,10309065008039.166,1,0,0,13.013219278255162,1.9459101490553132,2.6390573296152584,61.61666666666667
2016-10-04 23:18:53.720,North (40–45N) | West (130–138E),0,0,0.0,,0.0,0,0,0,0.0,0.0,0.0,86.05303030303031
2016-10-04 23:18:53.720,South (30–35N) | East (138–146E),74,13,6.2,18.824054054054056,280933511942302.25,1,0,0,14.448603548327691,4.31748811353631,2.6390573296152584,18.824054054054056
2016-10-04 23:18:53.720,South (30–35N) | West (130–138E),2,9,4.5,23.97,532641330237.4683,1,0,0,11.726434862437301,1.0986122886681098,2.302585092994046,23.97
2016-11-03 23:18:53.720,Central (35–40N) | East (138–146E),19,19,5.3,41.18526315789474,14379815026711.408,1,1,2,13.15775329957991,2.995732273553991,2.995732273553991,41.18526315789474
2016-11-03 23:18:53.720,Central (35–40N) | West (130–138E),6,1,6.2,9.271666666666667,126734937516933.23,1,0,0,14.102896355050765,1.9459101490553132,0.6931471805599453,9.271666666666667
2016-11-03 23:18:53.720,North (40–45N) | East (138–146E),14,6,4.9,79.61857142857143,5759757972845.264,1,0,0,12.76040423459236,2.70805020110221,1.9459101490553132,79.61857142857143
2016-11-03 23:18:53.720,North (40–45N) | West (130–138E),0,0,0.0,,0.0,0,0,0,0.0,0.0,0.0,86.05303030303031
2016-11-03 23:18:53.720,South (30–35N) | East (138–146E),17,74,4.9,52.84294117647059,8094187092828.217,1,0,0,12.908173238657508,2.8903717578961645,4.31748811353631,52.84294117647059
2016-11-03 23:18:53.720,South (30–35N) | West (130–138E),1,2,4.9,48.26,1412537544622.7554,1,0,0,12.150000000000308,0.6931471805599453,1.0986122886681098,48.26
2016-12-03 23:18:53.720,Central (35–40N) | East (138–146E),113,19,6.9,20.176194690265486,1619670365558862.8,1,0,0,15.209426636156454,4.736198448394496,2.995732273553991,20.176194690265486
2016-12-03 23:18:53.720,Central (35–40N) | West (130–138E),1,6,4.0,347.21,63095734448.019424,0,0,0,10.800000000006884,0.6931471805599453,1.9459101490553132,347.21
2016-12-03 23:18:53.720,North (40–45N) | East (138–146E),9,14,4.9,109.26,3370941827161.928,1,1,1,12.527751257902127,2.302585092994046,2.70805020110221,109.26
2016-12-03 23:18:53.720,North (40–45N) | West (130–138E),0,0,0.0,,0.0,0,0,0,0.0,0.0,0.0,86.05303030303031
2016-12-03 23:18:53.720,South (30–35N) | East (138–146E),9,17,5.2,89.52888888888887,8771997234627.144,1,0,0,12.943098486094184,2.302585092994046,2.8903717578961645,89.52888888888887
2016-12-03 23:18:53.720,South (30–35N) | West (130–138E),9,1,5.3,135.04000000000002,7576925767418.939,1,0,0,12.87949303240479,2.302585092994046,0.6931471805599453,135.04000000000002
2017-01-02 23:18:53.720,Central (35–40N) | East (138–146E),37,113,5.9,31.18054054054054,67854734347837.805,1,1,3,13.831580154566296,3.6375861597263857,4.736198448394496,31.18054054054054
2017-01-02 23:18:53.720,Central (35–40N) | West (130–138E),1,1,4.2,10.0,125892541179.41713,0,0,0,11.100000000003451,0.6931471805599453,0.6931471805599453,10.0
2017-01-02 23:18:53.720,North (40–45N) | East (138–146E),6,9,5.0,65.13666666666666,4869802514837.0205,1,0,0,12.687511349622206,1.9459101490553132,2.302585092994046,65.13666666666666
2017-01-02 23:18:53.720,North (40–45N) | West (130–138E),0,0,0.0,,0.0,0,0,0,0.0,0.0,0.0,86.05303030303031
2017-01-02 23:18:53.720,South (30–35N) | East (138–146E),4,9,4.9,41.92,2830110107474.048,1,0,0,12.451803332393053,1.6094379124341003,2.302585092994046,41.92
2017-01-02 23:18:53.720,South (30–35N) | West (130–138E),3,9,4.5,172.35666666666665,835519319646.5692,1,0,0,11.92195649650269,1.3862943611198906,2.302585092994046,172.35666666666665
2017-02-01 23:18:53.720,Central (35–40N) | East (138–146E),18,37,5.3,42.82611111111111,16649998171269.451,1,1,1,13.221414190142207,2.9444389791664403,3.6375861597263857,42.82611111111111
2017-02-01 23:18:53.720,Central (35–40N) | West (130–138E),0,1,0.0,,0.0,0,0,0,0.0,0.0,0.6931471805599453,86.05303030303031
2017-02-01 23:18:53.720,North (40–45N) | East (138–146E),13,6,5.1,83.05230769230769,7993580876371.576,1,1,1,12.902741373364853,2.6390573296152584,1.9459101490553132,83.05230769230769
2017-02-01 23:18:53.720,North (40–45N) | West (130–138E),0,0,0.0,,0.0,0,0,0,0.0,0.0,0.0,86.05303030303031
2017-02-01 23:18:53.720,South (30–35N) | East (138–146E),8,4,4.6,138.6125,2313286366558.2593,1,1,1,12.364229398321125,2.1972245773362196,1.6094379124341003,138.6125
2017-02-01 23:18:53.720,South (30–35N) | West (130–138E),2,3,4.8,192.045,1089125093813.3744,1,0,0,12.03707776445112,1.0986122886681098,1.3862943611198906,192.045
2017-03-03 23:18:53.720,Central (35–40N) | East (138–146E),34,18,5.7,37.5685294117647,47700908594729.79,1,1,1,13.678526651449333,3.5553480614894135,2.9444389791664403,37.5685294117647
2017-03-03 23:18:53.720,Central (35–40N) | West (130–138E),2,0,4.5,367.65999999999997,443938483046.95044,1,0,0,11.647322793709675,1.0986122886681098,0.0,367.65999999999997
2017-03-03 23:18:53.720,North (40–45N) | East (138–146E),9,13,5.1,70.4688888888889,7607424934323.527,1,1,1,12.881237675684233,2.302585092994046,2.6390573296152584,70.4688888888889
2017-03-03 23:18:53.720,North (40–45N) | West (130–138E),0,0,0.0,,0.0,0,0,0,0.0,0.0,0.0,86.05303030303031
2017-03-03 23:18:53.720,South (30–35N) | East (138–146E),7,8,5.0,72.50142857142858,5943291061892.508,1,0,0,12.774026999563093,2.0794415416798357,2.1972245773362196,72.50142857142858
2017-03-03 23:18:53.720,South (30–35N) | West (130–138E),6,2,5.3,96.71499999999999,6397400504215.728,1,1,1,12.80600354023243,1.9459101490553132,1.0986122886681098,96.71499999999999
2017-04-02 23:18:53.720,Central (35–40N) | East (138–146E),28,34,5.3,35.945,15872970296278.209,1,0,0,13.200658203539938,3.367295829986474,3.5553480614894135,35.945
2017-04-02 23:18:53.720,Central (35–40N) | West (130–138E),1,2,4.0,572.51,63095734448.019424,0,0,0,10.800000000006884,0.6931471805599453,1.0986122886681098,572.51
2017-04-02 23:18:53.720,North (40–45N) | East (138–146E),11,9,5.7,70.84272727272729,27263514221400.715,1,0,0,13.435581834939446,2.4849066497880004,2.302585092994046,70.84272727272729
2017-04-02 23:18:53.720,North (40–45N) | West (130–138E),1,0,4.0,293.53,63095734448.019424,0,0,0,10.800000000006884,0.6931471805599453,0.0,293.53
2017-04-02 23:18:53.720,South (30–35N) | East (138–146E),10,7,4.8,60.641999999999996,4141085694562.373,1,0,0,12.617114217773791,2.3978952727983707,2.0794415416798357,60.641999999999996
2017-04-02 23:18:53.720,South (30–35N) | West (130–138E),6,6,5.3,315.645,7852612460427.14,1,0,0,12.895014164821404,1.9459101490553132,1.9459101490553132,315.645
2017-05-02 23:18:53.720,Central (35–40N) | East (138–146E),14,28,5.0,52.04571428571428,7297538862464.667,1,0,0,12.863176416467102,2.70805020110221,3.367295829986474,52.04571428571428
2017-05-02 23:18:53.720,Central (35–40N) | West (130–138E),1,1,4.5,458.55,354813389233.57605,1,0,0,11.550000000001225,0.6931471805599453,0.6931471805599453,458.55
2017-05-02 23:18:53.720,North (40–45N) | East (138–146E),5,11,5.3,67.046,6356150318241.651,1,0,0,12.803194159399307,1.791759469228055,2.4849066497880004,67.046
2017-05-02 23:18:53.720,North (40–45N) | West (130–138E),0,1,0.0,,0.0,0,0,0,0.0,0.0,0.6931471805599453,86.05303030303031
2017-05-02 23:18:53.720,South (30–35N) | East (138–146E),7,10,4.7,110.11285714285715,2712069110407.523,1,0,0,12.43330075226237,2.0794415416798357,2.3978952727983707,110.11285714285715
2017-05-02 23:18:53.720,South (30–35N) | West (130–138E),9,6,5.7,26.486666666666665,27437111310794.77,1,0,0,13.438338385175362,2.302585092994046,1.9459101490553132,26.486666666666665
2017-06-01 23:18:53.720,Central (35–40N) | East (138–146E),9,14,4.9,37.647777777777776,4590745068488.2,1,0,0,12.661883176359476,2.302585092994046,2.70805020110221,37.647777777777776
2017-06-01 23:18:53.720,Central (35–40N) | West (130–138E),1,1,4.8,10.0,1000000000000.0,1,0,0,12.000000000000433,0.6931471805599453,0.6931471805599453,10.0
2017-06-01 23:18:53.720,North (40–45N) | East (138–146E),4,5,4.6,144.62249999999997,1019328911595.4963,1,0,0,12.008314342438974,1.6094379124341003,1.791759469228055,144.62249999999997
2017-06-01 23:18:53.720,North (40–45N) | West (130–138E),0,0,0.0,,0.0,0,0,0,0.0,0.0,0.0,86.05303030303031
2017-06-01 23:18:53.720,South (30–35N) | East (138–146E),10,7,4.9,125.69700000000003,3128954266883.7007,1,0,0,12.495399215500056,2.3978952727983707,2.0794415416798357,125.69700000000003
2017-06-01 23:18:53.720,South (30–35N) | West (130–138E),7,9,4.8,101.68857142857144,3509408684749.513,1,0,0,12.545233946498934,2.0794415416798357,2.302585092994046,101.68857142857144
2017-07-01 23:18:53.720,Central (35–40N) | East (138–146E),16,9,4.9,39.71,4616206543025.41,1,1,1,12.664285232229538,2.833213344056216,2.302585092994046,39.71
2017-07-01 23:18:53.720,Central (35–40N) | West (130–138E),4,1,5.2,99.775,5029331226883.458,1,0,0,12.701510238776855,1.6094379124341003,0.6931471805599453,99.775
2017-07-01 23:18:53.720,North (40–45N) | East (138–146E),9,4,5.3,56.68,7383037411417.822,1,0,0,12.86823506909043,2.302585092994046,1.6094379124341003,56.68
2017-07-01 23:18:53.720,North (40–45N) | West (130–138E),1,0,4.2,512.42,125892541179.41713,0,1,1,11.100000000003451,0.6931471805599453,0.0,512.42
2017-07-01 23:18:53.720,South (30–35N) | East (138–146E),5,10,4.9,118.03,2895617942290.2915,1,0,0,12.461741259009719,1.791759469228055,2.3978952727983707,118.03
2017-07-01 23:18:53.720,South (30–35N) | West (130–138E),6,7,5.0,85.16833333333334,4106281009935.0723,1,1,1,12.613448666634332,1.9459101490553132,2.0794415416798357,85.16833333333334
2017-07-31 23:18:53.720,Central (35–40N) | East (138–146E),29,16,5.8,36.14,47251054702746.945,1,1,2,13.674411506950495,3.4011973816621555,2.833213344056216,36.14
2017-07-31 23:18:53.720,Central (35–40N) | West (130–138E),0,4,0.0,,0.0,0,0,0,0.0,0.0,1.6094379124341003,86.05303030303031
2017-07-31 23:18:53.720,North (40–45N) | East (138–146E),15,9,5.6,50.54533333333334,21380752097943.242,1,0,0,13.330022978059013,2.772588722239781,2.302585092994046,50.54533333333334
2017-07-31 23:18:53.720,North (40–45N) | West (130–138E),2,1,5.9,546.8050000000001,44731454949544.55,1,0,0,13.650613024402986,1.0986122886681098,0.6931471805599453,546.8050000000001
2017-07-31 23:18:53.720,South (30–35N) | East (138–146E),6,5,4.8,45.22,2358974348370.6396,1,0,0,12.372723218367062,1.9459101490553132,1.791759469228055,45.22
2017-07-31 23:18:53.720,South (30–35N) | West (130–138E),9,6,5.3,197.61666666666667,7338465728904.772,1,1,1,12.865605270390148,2.302585092994046,1.9459101490553132,197.61666666666667
2017-08-30 23:18:53.720,Central (35–40N) | East (138–146E),25,29,5.2,41.904799999999994,15669309976022.9,1,0,0,13.195049872014001,3.258096538021482,3.4011973816621555,41.904799999999994
2017-08-30 23:18:53.720,Central (35–40N) | West (130–138E),0,0,0.0,,0.0,0,0,0,0.0,0.0,0.0,86.05303030303031
2017-08-30 23:18:53.720,North (40–45N) | East (138–146E),6,15,4.7,53.00666666666666,1581323098208.7976,1,1,1,12.19902061467192,1.9459101490553132,2.772588722239781,53.00666666666666
2017-08-30 23:18:53.720,North (40–45N) | West (130–138E),0,2,0.0,,0.0,0,0,0,0.0,0.0,1.0986122886681098,86.05303030303031
2017-08-30 23:18:53.720,South (30–35N) | East (138–146E),7,6,4.7,134.56714285714287,2967019317827.0366,1,0,0,12.472320373953783,2.0794415416798357,1.9459101490553132,134.56714285714287
2017-08-30 23:18:53.720,South (30–35N) | West (130–138E),4,9,5.3,33.542500000000004,6584228673521.602,1,0,0,12.818504905728581,1.6094379124341003,2.302585092994046,33.542500000000004
2017-09-29 23:18:53.720,Central (35–40N) | East (138–146E),16,25,6.1,36.284375000000004,103891191827710.45,1,1,3,14.016578728473661,2.833213344056216,3.258096538021482,36.284375000000004
2017-09-29 23:18:53.720,Central (35–40N) | West (130–138E),0,0,0.0,,0.0,0,0,0,0.0,0.0,0.0,86.05303030303031
2017-09-29 23:18:53.720,North (40–45N) | East (138–146E),9,6,5.8,72.3788888888889,45484109638535.79,1,0,0,13.65785969771987,2.302585092994046,1.9459101490553132,72.3788888888889
2017-09-29 23:18:53.720,North (40–45N) | West (130–138E),0,0,0.0,,0.0,0,0,0,0.0,0.0,0.0,86.05303030303031
2017-09-29 23:18:53.720,South (30–35N) | East (138–146E),5,7,5.2,68.1,5734044021521.091,1,0,0,12.7584610227979,1.791759469228055,2.0794415416798357,68.1
2017-09-29 23:18:53.720,South (30–35N) | West (130–138E),5,4,4.6,181.85399999999998,1270517554746.4546,1,0,0,12.103980670076888,1.791759469228055,1.6094379124341003,181.85399999999998
2017-10-29 23:18:53.720,Central (35–40N) | East (138–146E),22,16,6.2,34.36954545454545,154203182459355.22,1,1,1,14.188093336816591,3.1354942159291497,2.833213344056216,34.36954545454545
2017-10-29 23:18:53.720,Central (35–40N) | West (130–138E),3,0,4.2,332.07,278113369440.811,0,0,0,11.444221866732708,1.3862943611198906,0.0,332.07
2017-10-29 23:18:53.720,North (40–45N) | East (138–146E),12,9,4.9,79.68666666666668,4514867729462.6875,1,0,0,12.654645031458939,2.5649493574615367,2.302585092994046,79.68666666666668
2017-10-29 23:18:53.720,North (40–45N) | West (130–138E),0,0,0.0,,0.0,0,0,0,0.0,0.0,0.0,86.05303030303031
2017-10-29 23:18:53.720,South (30–35N) | East (138–146E),7,5,4.9,121.64714285714285,3073744811010.8057,1,1,2,12.487667808586679,2.0794415416798357,1.791759469228055,121.64714285714285
2017-10-29 23:18:53.720,South (30–35N) | West (130–138E),5,5,5.0,198.13000000000002,3685101263393.2876,1,0,0,12.566449426395643,1.791759469228055,1.791759469228055,198.13000000000002
2017-11-28 23:18:53.720,Central (35–40N) | East (138–146E),17,22,5.9,42.94529411764705,52609389015686.97,1,0,0,13.72106325810478,2.8903717578961645,3.1354942159291497,42.94529411764705
2017-11-28 23:18:53.720,Central (35–40N) | West (130–138E),2,3,4.1,397.685,152220828261.39383,0,1,1,11.18247408069044,1.0986122886681098,1.3862943611198906,397.685
2017-11-28 23:18:53.720,North (40–45N) | East (138–146E),7,12,4.9,87.97285714285714,4412479344261.942,1,0,0,12.644682685377495,2.0794415416798357,2.5649493574615367,87.97285714285714
2017-11-28 23:18:53.720,North (40–45N) | West (130–138E),1,0,4.3,388.84,177827941003.89227,0,0,0,11.250000000002442,0.6931471805599453,0.0,388.84
2017-11-28 23:18:53.720,South (30–35N) | East (138–146E),24,7,6.0,27.668333333333333,113731845655325.25,1,0,0,14.055882086991167,3.2188758248682006,2.0794415416798357,27.668333333333333
2017-11-28 23:18:53.720,South (30–35N) | West (130–138E),1,5,4.2,45.89,125892541179.41713,0,0,0,11.100000000003451,0.6931471805599453,1.791759469228055,45.89
2017-12-28 23:18:53.720,Central (35–40N) | East (138–146E),23,17,5.2,53.40826086956521,13839910091775.16,1,1,2,13.141133268822161,3.1780538303479458,2.8903717578961645,53.40826086956521
2017-12-28 23:18:53.720,Central (35–40N) | West (130–138E),3,2,5.1,243.74,4408748416891.097,1,0,0,12.644315316727681,1.3862943611198906,1.0986122886681098,243.74
2017-12-28 23:18:53.720,North (40–45N) | East (138–146E),9,7,4.9,83.19777777777777,3673212378293.02,1,0,0,12.56504603916879,2.302585092994046,2.0794415416798357,83.19777777777777
2017-12-28 23:18:53.720,North (40–45N) | West (130–138E),0,1,0.0,,0.0,0,0,0,0.0,0.0,0.6931471805599453,86.05303030303031
2017-12-28 23:18:53.720,South (30–35N) | East (138–146E),4,24,4.9,28.3175,3577450966023.74,1,0,0,12.553573689858558,1.6094379124341003,3.2188758248682006,28.3175
2017-12-28 23:18:53.720,South (30–35N) | West (130–138E),20,1,5.5,68.25250000000001,30914861221015.914,1,0,0,13.490167301260842,3.044522437723423,0.6931471805599453,68.25250000000001
2018-01-27 23:18:53.720,Central (35–40N) | East (138–146E),14,23,5.4,44.88357142857142,13422505213709.344,1,0,0,13.12783358132853,2.70805020110221,3.1780538303479458,44.88357142857142
2018-01-27 23:18:53.720,Central (35–40N) | West (130–138E),0,3,0.0,,0.0,0,0,0,0.0,0.0,1.3862943611198906,86.05303030303031
2018-01-27 23:18:53.720,North (40–45N) | East (138–146E),5,9,4.7,104.65,1867666889428.2974,1,0,0,12.271299419547606,1.791759469228055,2.302585092994046,104.65
2018-01-27 23:18:53.720,North (40–45N) | West (130–138E),0,0,0.0,,0.0,0,0,0,0.0,0.0,0.0,86.05303030303031
2018-01-27 23:18:53.720,South (30–35N) | East (138–146E),2,4,4.7,13.455,1062759173617.7163,1,0,0,12.026434862436895,1.0986122886681098,1.6094379124341003,13.455
2018-01-27 23:18:53.720,South (30–35N) | West (130–138E),5,20,4.9,93.148,3755278907027.633,1,0,0,12.574642197874214,1.791759469228055,3.044522437723423,93.148
2018-02-26 23:18:53.720,Central (35–40N) | East (138–146E),0,14,0.0,,0.0,0,0,0,0.0,0.0,2.70805020110221,86.05303030303031
2018-02-26 23:18:53.720,Central (35–40N) | West (130–138E),0,0,0.0,,0.0,0,0,0,0.0,0.0,0.0,86.05303030303031
2018-02-26 23:18:53.720,North (40–45N) | East (138–146E),0,5,0.0,,0.0,0,0,0,0.0,0.0,1.791759469228055,86.05303030303031
2018-02-26 23:18:53.720,North (40–45N) | West (130–138E),0,0,0.0,,0.0,0,0,0,0.0,0.0,0.0,86.05303030303031
2018-02-26 23:18:53.720,South (30–35N) | East (138–146E),0,2,0.0,,0.0,0,0,0,0.0,0.0,1.0986122886681098,86.05303030303031
2018-02-26 23:18:53.720,South (30–35N) | West (130–138E),0,5,0.0,,0.0,0,0,0,0.0,0.0,1.791759469228055,86.05303030303031
2018-03-28 23:18:53.720,Central (35–40N) | East (138–146E),0,0,0.0,,0.0,0,0,0,0.0,0.0,0.0,86.05303030303031
2018-03-28 23:18:53.720,Central (35–40N) | West (130–138E),0,0,0.0,,0.0,0,0,0,0.0,0.0,0.0,86.05303030303031
2018-03-28 23:18:53.720,North (40–45N) | East (138–146E),0,0,0.0,,0.0,0,0,0,0.0,0.0,0.0,86.05303030303031
2018-03-28 23:18:53.720,North (40–45N) | West (130–138E),0,0,0.0,,0.0,0,0,0,0.0,0.0,0.0,86.05303030303031
2018-03-28 23:18:53.720,South (30–35N) | East (138–146E),0,0,0.0,,0.0,0,0,0,0.0,0.0,0.0,86.05303030303031
2018-03-28 23:18:53.720,South (30–35N) | West (130–138E),0,0,0.0,,0.0,0,0,0,0.0,0.0,0.0,86.05303030303031
2018-04-27 23:18:53.720,Central (35–40N) | East (138–146E),0,0,0.0,,0.0,0,0,0,0.0,0.0,0.0,86.05303030303031
2018-04-27 23:18:53.720,Central (35–40N) | West (130–138E),0,0,0.0,,0.0,0,0,0,0.0,0.0,0.0,86.05303030303031
2018-04-27 23:18:53.720,North (40–45N) | East (138–146E),0,0,0.0,,0.0,0,0,0,0.0,0.0,0.0,86.05303030303031
2018-04-27 23:18:53.720,North (40–45N) | West (130–138E),0,0,0.0,,0.0,0,0,0,0.0,0.0,0.0,86.05303030303031
2018-04-27 23:18:53.720,South (30–35N) | East (138–146E),0,0,0.0,,0.0,0,0,0,0.0,0.0,0.0,86.05303030303031
2018-04-27 23:18:53.720,South (30–35N) | West (130–138E),0,0,0.0,,0.0,0,0,0,0.0,0.0,0.0,86.05303030303031
2018-05-27 23:18:53.720,Central (35–40N) | East (138–146E),0,0,0.0,,0.0,0,0,0,0.0,0.0,0.0,86.05303030303031
2018-05-27 23:18:53.720,Central (35–40N) | West (130–138E),0,0,0.0,,0.0,0,0,0,0.0,0.0,0.0,86.05303030303031
2018-05-27 23:18:53.720,North (40–45N) | East (138–146E),0,0,0.0,,0.0,0,0,0,0.0,0.0,0.0,86.05303030303031
2018-05-27 23:18:53.720,North (40–45N) | West (130–138E),0,0,0.0,,0.0,0,0,0,0.0,0.0,0.0,86.05303030303031
2018-05-27 23:18:53.720,South (30–35N) | East (138–146E),0,0,0.0,,0.0,0,0,0,0.0,0.0,0.0,86.05303030303031
2018-05-27 23:18:53.720,South (30–35N) | West (130–138E),0,0,0.0,,0.0,0,0,0,0.0,0.0,0.0,86.05303030303031
2018-06-26 23:18:53.720,Central (35–40N) | East (138–146E),0,0,0.0,,0.0,0,0,0,0.0,0.0,0.0,86.05303030303031
2018-06-26 23:18:53.720,Central (35–40N) | West (130–138E),0,0,0.0,,0.0,0,0,0,0.0,0.0,0.0,86.05303030303031
2018-06-26 23:18:53.720,North (40–45N) | East (138–146E),0,0,0.0,,0.0,0,0,0,0.0,0.0,0.0,86.05303030303031
2018-06-26 23:18:53.720,North (40–45N) | West (130–138E),0,0,0.0,,0.0,0,0,0,0.0,0.0,0.0,86.05303030303031
2018-06-26 23:18:53.720,South (30–35N) | East (138–146E),0,0,0.0,,0.0,0,0,0,0.0,0.0,0.0,86.05303030303031
2018-06-26 23:18:53.720,South (30–35N) | West (130–138E),0,0,0.0,,0.0,0,0,0,0.0,0.0,0.0,86.05303030303031
2018-07-26 23:18:53.720,Central (35–40N) | East (138–146E),7,0,4.9,45.90714285714286,3812003271514.3125,1,1,2,12.581153264684136,2.0794415416798357,0.0,45.90714285714286
2018-07-26 23:18:53.720,Central (35–40N) | West (130–138E),0,0,0.0,,0.0,0,0,0,0.0,0.0,0.0,86.05303030303031
2018-07-26 23:18:53.720,North (40–45N) | East (138–146E),0,0,0.0,,0.0,0,0,0,0.0,0.0,0.0,86.05303030303031
2018-07-26 23:18:53.720,North (40–45N) | West (130–138E),1,0,4.4,321.31,251188643150.95822,0,0,0,11.400000000001729,0.6931471805599453,0.0,321.31
2018-07-26 23:18:53.720,South (30–35N) | East (138–146E),0,0,0.0,,0.0,0,0,0,0.0,0.0,0.0,86.05303030303031
2018-07-26 23:18:53.720,South (30–35N) | West (130–138E),1,0,4.4,8.02,251188643150.95822,0,0,0,11.400000000001729,0.6931471805599453,0.0,8.02
2018-08-25 23:18:53.720,Central (35–40N) | East (138–146E),25,7,5.5,43.807199999999995,29600858680437.777,1,1,1,13.471304309530806,3.258096538021482,2.0794415416798357,43.807199999999995
2018-08-25 23:18:53.720,Central (35–40N) | West (130–138E),0,0,0.0,,0.0,0,0,0,0.0,0.0,0.0,86.05303030303031
2018-08-25 23:18:53.720,North (40–45N) | East (138–146E),13,0,5.3,97.96153846153848,10824313748971.576,1,1,4,13.034400372047871,2.6390573296152584,0.0,97.96153846153848
2018-08-25 23:18:53.720,North (40–45N) | West (130–138E),0,1,0.0,,0.0,0,0,0,0.0,0.0,0.6931471805599453,86.05303030303031
2018-08-25 23:18:53.720,South (30–35N) | East (138–146E),5,0,4.9,56.726,2593162199504.0474,1,0,0,12.413829682271441,1.791759469228055,0.0,56.726
2018-08-25 23:18:53.720,South (30–35N) | West (130–138E),4,1,4.6,179.1175,1535015797492.0115,1,0,0,12.186112849343328,1.6094379124341003,0.6931471805599453,179.1175
2018-09-24 23:18:53.720,Central (35–40N) | East (138–146E),23,25,5.4,42.177826086956514,18040293474596.227,1,0,0,13.256243598248131,3.1780538303479458,3.258096538021482,42.177826086956514
2018-09-24 23:18:53.720,Central (35–40N) | West (130–138E),3,0,4.5,365.77,569831024226.3676,1,0,0,11.755746090540454,1.3862943611198906,0.0,365.77
2018-09-24 23:18:53.720,North (40–45N) | East (138–146E),49,13,6.6,39.21979591836734,532508162224138.3,1,1,1,14.726326268977886,3.912023005428146,2.6390573296152584,39.21979591836734
2018-09-24 23:18:53.720,North (40–45N) | West (130–138E),0,0,0.0,,0.0,0,0,0,0.0,0.0,0.0,86.05303030303031
2018-09-24 23:18:53.720,South (30–35N) | East (138–146E),4,5,4.6,81.305,1129457061108.605,1,0,0,12.052869724873355,1.6094379124341003,1.791759469228055,81.305
2018-09-24 23:18:53.720,South (30–35N) | West (130–138E),8,4,4.8,155.45999999999998,3047662293459.4487,1,0,0,12.483966841863056,2.1972245773362196,1.6094379124341003,155.45999999999998
2018-10-24 23:18:53.720,Central (35–40N) | East (138–146E),24,23,5.2,34.13333333333333,16245850268587.926,1,1,1,13.210742446200722,3.2188758248682006,3.1780538303479458,34.13333333333333
2018-10-24 23:18:53.720,Central (35–40N) | West (130–138E),3,3,4.8,279.84999999999997,1126191468896.0388,1,0,0,12.051612233158627,1.3862943611198906,1.3862943611198906,279.84999999999997
2018-10-24 23:18:53.720,North (40–45N) | East (138–146E),21,49,5.0,63.516190476190474,9559451268900.834,1,1,3,12.980432963643505,3.091042453358316,3.912023005428146,63.516190476190474
2018-10-24 23:18:53.720,North (40–45N) | West (130–138E),1,0,4.5,10.0,354813389233.57605,1,0,0,11.550000000001225,0.6931471805599453,0.0,10.0
2018-10-24 23:18:53.720,South (30–35N) | East (138–146E),10,4,4.7,144.53799999999998,2809329969550.585,1,1,1,12.448602752209498,2.3978952727983707,1.6094379124341003,144.53799999999998
2018-10-24 23:18:53.720,South (30–35N) | West (130–138E),2,8,4.6,22.5,856000622860.8475,1,1,1,11.932474080688094,1.0986122886681098,2.1972245773362196,22.5
2018-11-23 23:18:53.720,Central (35–40N) | East (138–146E),18,24,5.7,46.6738888888889,31599136933439.332,1,0,0,13.49967522090438,2.9444389791664403,3.2188758248682006,46.6738888888889
2018-11-23 23:18:53.720,Central (35–40N) | West (130–138E),1,3,4.0,349.12,63095734448.019424,0,0,0,10.800000000006884,0.6931471805599453,1.3862943611198906,349.12
2018-11-23 23:18:53.720,North (40–45N) | East (138–146E),20,21,5.9,66.2955,70963724113029.69,1,1,1,13.85103639880929,3.044522437723423,3.091042453358316,66.2955
2018-11-23 23:18:53.720,North (40–45N) | West (130–138E),1,1,4.3,474.8,177827941003.89227,0,0,0,11.250000000002442,0.6931471805599453,0.6931471805599453,474.8
2018-11-23 23:18:53.720,South (30–35N) | East (138–146E),14,10,5.5,72.53142857142858,19120684902822.2,1,0,0,13.281503444644546,2.70805020110221,2.3978952727983707,72.53142857142858
2018-11-23 23:18:53.720,South (30–35N) | West (130–138E),12,2,5.5,164.77666666666667,21493164136104.133,1,0,0,13.332300355263238,2.5649493574615367,1.0986122886681098,164.77666666666667
2018-12-23 23:18:53.720,Central (35–40N) | East (138–146E),18,18,4.9,39.73555555555555,9744103707622.312,1,1,1,12.988741897559823,2.9444389791664403,2.9444389791664403,39.73555555555555
2018-12-23 23:18:53.720,Central (35–40N) | West (130–138E),0,1,0.0,,0.0,0,0,0,0.0,0.0,0.6931471805599453,86.05303030303031
2018-12-23 23:18:53.720,North (40–45N) | East (138–146E),15,20,5.4,69.00933333333333,10772633813049.203,1,1,1,13.032321897414235,2.772588722239781,3.044522437723423,69.00933333333333
2018-12-23 23:18:53.720,North (40–45N) | West (130–138E),0,1,0.0,,0.0,0,0,0,0.0,0.0,0.6931471805599453,86.05303030303031
2018-12-23 23:18:53.720,South (30–35N) | East (138–146E),3,14,4.7,191.12333333333333,1022230161983.1179,1,1,3,12.009548691127153,1.3862943611198906,2.70805020110221,191.12333333333333
2018-12-23 23:18:53.720,South (30–35N) | West (130–138E),6,12,4.9,203.70166666666668,2395572129153.85,1,0,0,12.379409251721961,1.9459101490553132,2.5649493574615367,203.70166666666668
2019-01-22 23:18:53.720,Central (35–40N) | East (138–146E),15,18,5.1,59.704000000000015,11491015438129.385,1,1,1,13.060358408121797,2.772588722239781,2.9444389791664403,59.704000000000015
2019-01-22 23:18:53.720,Central (35–40N) | West (130–138E),2,0,4.7,392.83000000000004,833838325563.5574,1,0,0,11.921081852650055,1.0986122886681098,0.0,392.83000000000004
2019-01-22 23:18:53.720,North (40–45N) | East (138–146E),7,15,5.2,59.50000000000001,7104025363213.1,1,1,1,12.851504503317315,2.0794415416798357,2.772588722239781,59.50000000000001
2019-01-22 23:18:53.720,North (40–45N) | West (130–138E),0,0,0.0,,0.0,0,0,0,0.0,0.0,0.0,86.05303030303031
2019-01-22 23:18:53.720,South (30–35N) | East (138–146E),17,3,5.6,98.28529411764706,37544997873369.21,1,1,1,13.574552084064527,2.8903717578961645,1.3862943611198906,98.28529411764706
2019-01-22 23:18:53.720,South (30–35N) | West (130–138E),7,6,6.3,125.64999999999999,179769811088241.88,1,0,0,14.254716762043538,2.0794415416798357,1.9459101490553132,125.64999999999999
2019-02-21 23:18:53.720,Central (35–40N) | East (138–146E),16,15,5.0,44.793125,7094704239391.558,1,0,0,12.850934295512019,2.833213344056216,2.772588722239781,44.793125
2019-02-21 23:18:53.720,Central (35–40N) | West (130–138E),1,2,4.6,10.0,501187233627.2715,1,0,0,11.700000000000866,0.6931471805599453,1.0986122886681098,10.0
2019-02-21 23:18:53.720,North (40–45N) | East (138–146E),9,7,5.5,86.86444444444444,22721701292469.035,1,0,0,13.356440846152974,2.302585092994046,2.0794415416798357,86.86444444444444
2019-02-21 23:18:53.720,North (40–45N) | West (130–138E),0,0,0.0,,0.0,0,0,0,0.0,0.0,0.0,86.05303030303031
2019-02-21 23:18:53.720,South (30–35N) | East (138–146E),6,17,5.2,116.75833333333333,6760425466789.069,1,1,1,12.829974029087278,1.9459101490553132,2.8903717578961645,116.75833333333333
2019-02-21 23:18:53.720,South (30–35N) | West (130–138E),11,7,4.9,257.0345454545455,5674609969731.73,1,0,0,12.753936016734949,2.4849066497880004,2.0794415416798357,257.0345454545455
2019-03-23 23:18:53.720,Central (35–40N) | East (138–146E),24,16,5.7,26.997500000000002,35049282528120.234,1,0,0,13.544679132223731,3.2188758248682006,2.833213344056216,26.997500000000002
2019-03-23 23:18:53.720,Central (35–40N) | West (130–138E),2,1,4.5,211.035,417909123681.59546,1,0,0,11.621081852650573,1.0986122886681098,0.6931471805599453,211.035
2019-03-23 23:18:53.720,North (40–45N) | East (138–146E),6,9,4.4,57.465,1073050803302.4926,0,0,0,12.030620284008881,1.9459101490553132,2.302585092994046,57.465
2019-03-23 23:18:53.720,North (40–45N) | West (130–138E),0,0,0.0,,0.0,0,0,0,0.0,0.0,0.0,86.05303030303031
2019-03-23 23:18:53.720,South (30–35N) | East (138–146E),9,6,5.4,20.432222222222222,12999854111013.252,1,1,1,13.113938478527068,2.302585092994046,1.9459101490553132,20.432222222222222
2019-03-23 23:18:53.720,South (30–35N) | West (130–138E),4,11,5.2,28.8975,5895986536459.657,1,1,3,12.770556483136694,1.6094379124341003,2.4849066497880004,28.8975
2019-04-22 23:18:53.720,Central (35–40N) | East (138–146E),13,24,4.6,57.77538461538462,4288961309806.4385,1,0,0,12.632352128539628,2.6390573296152584,3.2188758248682006,57.77538461538462
2019-04-22 23:18:53.720,Central (35–40N) | West (130–138E),1,2,4.6,378.55,501187233627.2715,1,0,0,11.700000000000866,0.6931471805599453,1.0986122886681098,378.55
2019-04-22 23:18:53.720,North (40–45N) | East (138–146E),14,6,6.0,68.52571428571427,76564380951835.84,1,1,1,13.884026775458102,2.70805020110221,1.9459101490553132,68.52571428571427
2019-04-22 23:18:53.720,North (40–45N) | West (130–138E),1,0,4.5,449.17,354813389233.57605,1,0,0,11.550000000001225,0.6931471805599453,0.0,449.17
2019-04-22 23:18:53.720,South (30–35N) | East (138–146E),10,9,5.9,60.342,48683215807649.18,1,0,0,13.68737925816504,2.3978952727983707,2.302585092994046,60.342
2019-04-22 23:18:53.720,South (30–35N) | West (130–138E),8,4,5.3,103.40875,13811932088424.098,1,0,0,13.14025443431,2.1972245773362196,1.6094379124341003,103.40875
2019-05-22 23:18:53.720,Central (35–40N) | East (138–146E),16,13,4.8,43.981875,6929008762402.036,1,0,0,12.840671110541214,2.833213344056216,2.6390573296152584,43.981875
2019-05-22 23:18:53.720,Central (35–40N) | West (130–138E),1,1,4.2,379.48,125892541179.41713,0,0,0,11.100000000003451,0.6931471805599453,0.6931471805599453,379.48
2019-05-22 23:18:53.720,North (40–45N) | East (138–146E),6,14,5.4,100.68833333333332,9302502749179.828,1,0,0,12.968599807041208,1.9459101490553132,2.70805020110221,100.68833333333332
2019-05-22 23:18:53.720,North (40–45N) | West (130–138E),0,1,0.0,,0.0,0,0,0,0.0,0.0,0.6931471805599453,86.05303030303031
2019-05-22 23:18:53.720,South (30–35N) | East (138–146E),8,10,4.9,117.5775,2788466337334.3486,1,0,0,12.445365406009667,2.1972245773362196,2.3978952727983707,117.5775
2019-05-22 23:18:53.720,South (30–35N) | West (130–138E),12,8,6.2,80.38250000000001,149446062501728.28,1,0,0,14.174484477044762,2.5649493574615367,2.1972245773362196,80.38250000000001
2019-06-21 23:18:53.720,Central (35–40N) | East (138–146E),25,16,6.4,44.295199999999994,260317804666369.62,1,0,0,14.415503873080102,3.258096538021482,2.833213344056216,44.295199999999994
2019-06-21 23:18:53.720,Central (35–40N) | West (130–138E),2,1,4.2,416.245,188988275627.43655,0,0,0,11.276434862438785,1.0986122886681098,0.6931471805599453,416.245
2019-06-21 23:18:53.720,North (40–45N) | East (138–146E),11,6,4.8,70.98363636363638,2739659779153.451,1,1,1,12.437696633911662,2.4849066497880004,1.9459101490553132,70.98363636363638
2019-06-21 23:18:53.720,North (40–45N) | West (130–138E),1,0,4.1,333.15,89125093813.3744,0,0,0,10.950000000004872,0.6931471805599453,0.0,333.15
2019-06-21 23:18:53.720,South (30–35N) | East (138–146E),4,8,4.8,25.2975,2085026968714.5159,1,1,1,12.319111676714373,1.6094379124341003,2.1972245773362196,25.2975
2019-06-21 23:18:53.720,South (30–35N) | West (130–138E),7,12,4.4,147.76285714285714,1125582642334.8438,0,0,0,12.0513773872022,2.0794415416798357,2.5649493574615367,147.76285714285714
2019-07-21 23:18:53.720,Central (35–40N) | East (138–146E),15,25,4.8,51.281333333333336,4471029573475.274,1,1,2,12.650407542503926,2.772588722239781,3.258096538021482,51.281333333333336
2019-07-21 23:18:53.720,Central (35–40N) | West (130–138E),0,2,0.0,,0.0,0,0,0,0.0,0.0,1.0986122886681098,86.05303030303031
2019-07-21 23:18:53.720,North (40–45N) | East (138–146E),7,11,5.2,76.63571428571429,5849928647637.928,1,0,0,12.767150568966683,2.0794415416798357,2.4849066497880004,76.63571428571429
2019-07-21 23:18:53.720,North (40–45N) | West (130–138E),1,1,4.2,567.0,125892541179.41713,0,0,0,11.100000000003451,0.6931471805599453,0.6931471805599453,567.0
2019-07-21 23:18:53.720,South (30–35N) | East (138–146E),12,4,5.2,18.524166666666666,8737383367108.973,1,1,1,12.9413813915167,2.5649493574615367,1.6094379124341003,18.524166666666666
2019-07-21 23:18:53.720,South (30–35N) | West (130–138E),1,7,4.3,353.46,177827941003.89227,0,1,1,11.250000000002442,0.6931471805599453,2.0794415416798357,353.46
2019-08-20 23:18:53.720,Central (35–40N) | East (138–146E),12,15,6.3,43.284166666666664,183894772526420.25,1,1,1,14.264569383967839,2.5649493574615367,2.772588722239781,43.284166666666664
2019-08-20 23:18:53.720,Central (35–40N) | West (130–138E),1,0,4.0,375.77,63095734448.019424,0,0,0,10.800000000006884,0.6931471805599453,0.0,375.77
2019-08-20 23:18:53.720,North (40–45N) | East (138–146E),7,7,5.4,73.78571428571429,10582622002083.762,1,1,1,13.024593283952264,2.0794415416798357,2.0794415416798357,73.78571428571429
2019-08-20 23:18:53.720,North (40–45N) | West (130–138E),0,1,0.0,,0.0,0,0,0,0.0,0.0,0.6931471805599453,86.05303030303031
2019-08-20 23:18:53.720,South (30–35N) | East (138–146E),7,12,5.8,85.26285714285713,34653479779814.914,1,0,0,13.539746851452662,2.0794415416798357,2.5649493574615367,85.26285714285713
2019-08-20 23:18:53.720,South (30–35N) | West (130–138E),2,1,6.3,200.56,178329128237519.56,1,0,0,14.25122228652714,1.0986122886681098,0.6931471805599453,200.56
2019-09-19 23:18:53.720,Central (35–40N) | East (138–146E),18,12,5.1,30.84333333333333,9720913807476.889,1,0,0,12.987707092384221,2.9444389791664403,2.5649493574615367,30.84333333333333
2019-09-19 23:18:53.720,Central (35–40N) | West (130–138E),0,1,0.0,,0.0,0,0,0,0.0,0.0,0.6931471805599453,86.05303030303031
2019-09-19 23:18:53.720,North (40–45N) | East (138–146E),9,7,5.9,83.09777777777778,50975467250590.5,1,0,0,13.707361215292229,2.302585092994046,2.0794415416798357,83.09777777777778
2019-09-19 23:18:53.720,North (40–45N) | West (130–138E),0,0,0.0,,0.0,0,1,1,0.0,0.0,0.0,86.05303030303031
2019-09-19 23:18:53.720,South (30–35N) | East (138–146E),9,7,4.6,95.56888888888889,2169132608841.0435,1,0,0,12.336286103202717,2.302585092994046,2.0794415416798357,95.56888888888889
2019-09-19 23:18:53.720,South (30–35N) | West (130–138E),2,2,4.5,86.385,606002032384.5343,1,0,0,11.782474080688303,1.0986122886681098,1.0986122886681098,86.385
2019-10-19 23:18:53.720,Central (35–40N) | East (138–146E),18,18,4.9,42.93277777777777,8720565122322.014,1,0,0,12.940544629606189,2.9444389791664403,2.9444389791664403,42.93277777777777
2019-10-19 23:18:53.720,Central (35–40N) | West (130–138E),0,0,0.0,,0.0,0,0,0,0.0,0.0,0.0,86.05303030303031
2019-10-19 23:18:53.720,North (40–45N) | East (138–146E),10,9,4.6,90.057,2977379642297.323,1,0,0,12.4738342145739,2.3978952727983707,2.302585092994046,90.057
2019-10-19 23:18:53.720,North (40–45N) | West (130–138E),4,0,5.0,342.9525,2424701145746.59,1,0,0,12.384658217680137,1.6094379124341003,0.0,342.9525
2019-10-19 23:18:53.720,South (30–35N) | East (138–146E),12,9,5.3,97.38166666666666,10342781804304.57,1,0,0,13.014637362720809,2.5649493574615367,2.302585092994046,97.38166666666666
2019-10-19 23:18:53.720,South (30–35N) | West (130–138E),3,2,4.6,142.1966666666667,1033828563864.7397,1,0,0,12.014448527210565,1.3862943611198906,1.0986122886681098,142.1966666666667
2019-11-18 23:18:53.720,Central (35–40N) | East (138–146E),24,18,4.7,47.83875,8768486567927.76,1,1,1,12.942924641038044,3.2188758248682006,2.9444389791664403,47.83875
2019-11-18 23:18:53.720,Central (35–40N) | West (130–138E),1,0,4.1,356.04,89125093813.3744,0,0,0,10.950000000004872,0.6931471805599453,0.0,356.04
2019-11-18 23:18:53.720,North (40–45N) | East (138–146E),15,10,5.2,73.736,10427655910327.336,1,0,0,13.018186691971628,2.772588722239781,2.3978952727983707,73.736
2019-11-18 23:18:53.720,North (40–45N) | West (130–138E),1,4,4.5,545.67,354813389233.57605,1,0,0,11.550000000001225,0.6931471805599453,1.6094379124341003,545.67
2019-11-18 23:18:53.720,South (30–35N) | East (138–146E),12,12,4.9,61.26500000000001,5447588184123.256,1,0,0,12.736204269220005,2.5649493574615367,2.5649493574615367,61.26500000000001
2019-11-18 23:18:53.720,South (30–35N) | West (130–138E),6,3,4.4,324.9983333333334,589602941386.3436,0,1,1,11.770559641447173,1.9459101490553132,1.3862943611198906,324.9983333333334
2019-12-18 23:18:53.720,Central (35–40N) | East (138–146E),23,24,5.4,42.3304347826087,21234795640534.133,1,0,0,13.327048085782785,3.1780538303479458,3.2188758248682006,42.3304347826087
2019-12-18 23:18:53.720,Central (35–40N) | West (130–138E),0,1,0.0,,0.0,0,0,0,0.0,0.0,0.6931471805599453,86.05303030303031
2019-12-18 23:18:53.720,North (40–45N) | East (138–146E),8,15,4.9,79.38,3372040555949.273,1,1,1,12.52789278929775,2.1972245773362196,2.772588722239781,79.38
2019-12-18 23:18:53.720,North (40–45N) | West (130–138E),0,1,0.0,,0.0,0,0,0,0.0,0.0,0.6931471805599453,86.05303030303031
2019-12-18 23:18:53.720,South (30–35N) | East (138–146E),22,12,5.8,53.19454545454546,43836379922942.24,1,1,2,13.641834682237159,3.1354942159291497,2.5649493574615367,53.19454545454546
2019-12-18 23:18:53.720,South (30–35N) | West (130–138E),10,6,5.1,191.91800000000003,7629758197253.622,1,0,0,12.88251077448672,2.3978952727983707,1.9459101490553132,191.91800000000003
2020-01-17 23:18:53.720,Central (35–40N) | East (138–146E),21,23,5.7,35.238571428571426,33931983739613.043,1,1,2,13.530609250213464,3.091042453358316,3.1780538303479458,35.238571428571426
2020-01-17 23:18:53.720,Central (35–40N) | West (130–138E),0,0,0.0,,0.0,0,0,0,0.0,0.0,0.0,86.05303030303031
2020-01-17 23:18:53.720,North (40–45N) | East (138–146E),7,8,5.1,89.1857142857143,4436893722990.641,1,1,1,12.64707902617631,2.0794415416798357,2.1972245773362196,89.1857142857143
2020-01-17 23:18:53.720,North (40–45N) | West (130–138E),0,0,0.0,,0.0,0,0,0,0.0,0.0,0.0,86.05303030303031
2020-01-17 23:18:53.720,South (30–35N) | East (138–146E),13,22,5.2,75.90846153846154,11023338182838.252,1,0,0,13.042313131253598,2.6390573296152584,3.1354942159291497,75.90846153846154
2020-01-17 23:18:53.720,South (30–35N) | West (130–138E),6,10,4.9,166.59,3337181958082.699,1,0,0,12.523379886977626,1.9459101490553132,2.3978952727983707,166.59
2020-02-16 23:18:53.720,Central (35–40N) | East (138–146E),21,21,5.3,47.423809523809524,24927084665399.98,1,0,0,13.396671488781944,3.091042453358316,3.091042453358316,47.423809523809524
2020-02-16 23:18:53.720,Central (35–40N) | West (130–138E),0,0,0.0,,0.0,0,0,0,0.0,0.0,0.0,86.05303030303031
2020-02-16 23:18:53.720,North (40–45N) | East (138–146E),10,7,5.4,49.857000000000006,9840991063284.994,1,0,0,12.993038837419414,2.3978952727983707,2.0794415416798357,49.857000000000006
2020-02-16 23:18:53.720,North (40–45N) | West (130–138E),1,0,4.0,370.53,63095734448.019424,0,0,0,10.800000000006884,0.6931471805599453,0.0,370.53
2020-02-16 23:18:53.720,South (30–35N) | East (138–146E),5,13,4.7,19.122,2462696128416.913,1,0,0,12.391410827635761,1.791759469228055,2.6390573296152584,19.122
2020-02-16 23:18:53.720,South (30–35N) | West (130–138E),2,6,4.3,210.995,240923675451.91168,0,0,0,11.381879480003866,1.0986122886681098,1.9459101490553132,210.995
2020-03-17 23:18:53.720,Central (35–40N) | East (138–146E),18,21,4.8,47.23444444444444,4924696276370.197,1,0,0,12.692379451165921,2.9444389791664403,3.091042453358316,47.23444444444444
2020-03-17 23:18:53.720,Central (35–40N) | West (130–138E),1,0,5.3,10.0,5623413251903.491,1,0,0,12.750000000000076,0.6931471805599453,0.0,10.0
2020-03-17 23:18:53.720,North (40–45N) | East (138–146E),5,10,5.0,87.3,3273039123579.3906,1,0,0,12.514951196586198,1.791759469228055,2.3978952727983707,87.3
2020-03-17 23:18:53.720,North (40–45N) | West (130–138E),0,1,0.0,,0.0,0,0,0,0.0,0.0,0.6931471805599453,86.05303030303031
2020-03-17 23:18:53.720,South (30–35N) | East (138–146E),5,5,4.7,21.522,2147786142332.232,1,0,0,12.331991035952852,1.791759469228055,1.791759469228055,21.522
2020-03-17 23:18:53.720,South (30–35N) | West (130–138E),9,2,4.9,84.15222222222222,4217811012706.373,1,0,0,12.625087116423595,2.302585092994046,1.0986122886681098,84.15222222222222
2020-04-16 23:18:53.720,Central (35–40N) | East (138–146E),16,18,4.9,45.928125,5281234138733.459,1,1,1,12.722735421968004,2.833213344056216,2.9444389791664403,45.928125
2020-04-16 23:18:53.720,Central (35–40N) | West (130–138E),0,1,0.0,,0.0,0,1,1,0.0,0.0,0.6931471805599453,86.05303030303031
2020-04-16 23:18:53.720,North (40–45N) | East (138–146E),8,5,4.9,47.55875,3319321175689.2964,1,1,3,12.521049276536823,2.1972245773362196,1.791759469228055,47.55875
2020-04-16 23:18:53.720,North (40–45N) | West (130–138E),0,0,0.0,,0.0,0,0,0,0.0,0.0,0.0,86.05303030303031
2020-04-16 23:18:53.720,South (30–35N) | East (138–146E),5,5,4.8,15.546000000000001,1799594365054.735,1,0,0,12.25517462461965,1.791759469228055,1.791759469228055,15.546000000000001
2020-04-16 23:18:53.720,South (30–35N) | West (130–138E),2,9,4.8,41.26,1177827941003.8923,1,0,0,12.0710818526499,1.0986122886681098,2.302585092994046,41.26
2020-05-16 23:18:53.720,Central (35–40N) | East (138–146E),20,16,6.3,41.144499999999994,233536079417871.75,1,1,2,14.368353985037706,3.044522437723423,2.833213344056216,41.144499999999994
2020-05-16 23:18:53.720,Central (35–40N) | West (130–138E),9,0,5.2,44.77,6218679941718.489,1,1,2,12.793698205451244,2.302585092994046,0.0,44.77
2020-05-16 23:18:53.720,North (40–45N) | East (138–146E),17,8,5.2,69.05176470588236,15333211101151.08,1,1,1,13.185633114898428,2.8903717578961645,2.1972245773362196,69.05176470588236
2020-05-16 23:18:53.720,North (40–45N) | West (130–138E),0,0,0.0,,0.0,0,0,0,0.0,0.0,0.0,86.05303030303031
2020-05-16 23:18:53.720,South (30–35N) | East (138–146E),15,5,5.3,100.44733333333333,10625910561361.018,1,1,2,13.026366156118193,2.772588722239781,1.791759469228055,100.44733333333333
2020-05-16 23:18:53.720,South (30–35N) | West (130–138E),3,2,4.7,184.71333333333334,860166612645.534,1,0,0,11.934582581411773,1.3862943611198906,1.0986122886681098,184.71333333333334
2020-06-15 23:18:53.720,Central (35–40N) | East (138–146E),22,20,5.2,51.836818181818174,16816495087107.273,1,1,1,13.225735484747089,3.1354942159291497,3.044522437723423,51.836818181818174
2020-06-15 23:18:53.720,Central (35–40N) | West (130–138E),6,9,5.2,58.18,8116113481652.955,1,0,0,12.909348110824537,1.9459101490553132,2.302585092994046,58.18
2020-06-15 23:18:53.720,North (40–45N) | East (138–146E),12,17,5.6,103.41333333333334,17888051519932.64,1,0,0,13.252563037033179,2.5649493574615367,2.8903717578961645,103.41333333333334
2020-06-15 23:18:53.720,North (40–45N) | West (130–138E),0,0,0.0,,0.0,0,0,0,0.0,0.0,0.0,86.05303030303031
2020-06-15 23:18:53.720,South (30–35N) | East (138–146E),14,15,5.2,78.90714285714286,11315009280771.006,1,1,1,13.053654914506957,2.70805020110221,2.772588722239781,78.90714285714286
2020-06-15 23:18:53.720,South (30–35N) | West (130–138E),5,3,4.8,95.58999999999999,3210814012094.424,1,0,0,12.506615149583931,1.791759469228055,1.3862943611198906,95.58999999999999
2020-07-15 23:18:53.720,Central (35–40N) | East (138–146E),18,22,5.9,53.64888888888889,50963132985433.81,1,0,0,13.707256118629932,2.9444389791664403,3.1354942159291497,53.64888888888889
2020-07-15 23:18:53.720,Central (35–40N) | West (130–138E),4,6,4.5,72.26249999999999,920286409983.512,1,0,0,11.963923008778364,1.6094379124341003,1.9459101490553132,72.26249999999999
2020-07-15 23:18:53.720,North (40–45N) | East (138–146E),8,12,4.9,67.44875,3485342294358.916,1,0,0,12.542245436451733,2.1972245773362196,2.5649493574615367,67.44875
2020-07-15 23:18:53.720,North (40–45N) | West (130–138E),2,0,4.1,476.45500000000004,152220828261.39383,0,0,0,11.18247408069044,1.0986122886681098,0.0,476.45500000000004
2020-07-15 23:18:53.720,South (30–35N) | East (138–146E),13,14,5.7,120.04692307692306,32569274180437.71,1,0,0,13.512808080243023,2.6390573296152584,2.70805020110221,120.04692307692306
2020-07-15 23:18:53.720,South (30–35N) | West (130–138E),4,5,4.4,276.1325,628977773265.7178,0,0,0,11.798635298675523,1.6094379124341003,1.791759469228055,276.1325
2020-08-14 23:18:53.720,Central (35–40N) | East (138–146E),24,18,5.3,56.60916666666666,15670210446308.104,1,0,0,13.195074828954683,3.2188758248682006,2.9444389791664403,56.60916666666666
2020-08-14 23:18:53.720,Central (35–40N) | West (130–138E),1,4,4.4,404.66,251188643150.95822,0,0,0,11.400000000001729,0.6931471805599453,1.6094379124341003,404.66
2020-08-14 23:18:53.720,North (40–45N) | East (138–146E),9,8,4.6,91.07555555555557,1878077935401.9578,1,0,0,12.273713610407812,2.302585092994046,2.1972245773362196,91.07555555555557
2020-08-14 23:18:53.720,North (40–45N) | West (130–138E),1,2,4.2,268.71,125892541179.41713,0,0,0,11.100000000003451,0.6931471805599453,1.0986122886681098,268.71
2020-08-14 23:18:53.720,South (30–35N) | East (138–146E),12,13,5.8,20.5575,39014127976820.57,1,1,1,13.591221904239204,2.5649493574615367,2.6390573296152584,20.5575
2020-08-14 23:18:53.720,South (30–35N) | West (130–138E),10,4,5.2,205.781,6511275254489.327,1,0,0,12.813666054889135,2.3978952727983707,1.6094379124341003,205.781
2020-09-13 23:18:53.720,Central (35–40N) | East (138–146E),25,24,6.1,33.834,105492142734077.45,1,0,0,14.023220113716087,3.258096538021482,3.2188758248682006,33.834
2020-09-13 23:18:53.720,Central (35–40N) | West (130–138E),2,1,4.6,9.105,856000622860.8475,1,0,0,11.932474080688094,1.0986122886681098,0.6931471805599453,9.105
2020-09-13 23:18:53.720,North (40–45N) | East (138–146E),17,9,5.0,75.4264705882353,9506949500040.45,1,0,0,12.978041186987529,2.8903717578961645,2.302585092994046,75.4264705882353
2020-09-13 23:18:53.720,North (40–45N) | West (130–138E),0,1,0.0,,0.0,0,0,0,0.0,0.0,0.6931471805599453,86.05303030303031
2020-09-13 23:18:53.720,South (30–35N) | East (138–146E),11,12,5.2,99.21636363636362,6905257200547.68,1,0,0,12.83917985940976,2.4849066497880004,2.5649493574615367,99.21636363636362
2020-09-13 23:18:53.720,South (30–35N) | West (130–138E),3,10,4.4,347.40000000000003,377380112046.9971,0,0,0,11.576779009089648,1.3862943611198906,2.3978952727983707,347.40000000000003
2020-10-13 23:18:53.720,Central (35–40N) | East (138–146E),10,25,4.9,52.102999999999994,6306889633474.257,1,0,0,12.799815231184843,2.3978952727983707,3.258096538021482,52.102999999999994
2020-10-13 23:18:53.720,Central (35–40N) | West (130–138E),3,2,4.9,257.7,1564758372884.1494,1,0,0,12.194447284103326,1.3862943611198906,1.0986122886681098,257.7
2020-10-13 23:18:53.720,North (40–45N) | East (138–146E),9,17,4.6,66.44888888888889,2762784253927.388,1,0,0,12.441346972145352,2.302585092994046,2.8903717578961645,66.44888888888889
2020-10-13 23:18:53.720,North (40–45N) | West (130–138E),0,0,0.0,,0.0,0,0,0,0.0,0.0,0.0,86.05303030303031
2020-10-13 23:18:53.720,South (30–35N) | East (138–146E),9,11,5.8,51.51222222222222,35856700901649.23,1,0,0,13.55457032855801,2.302585092994046,2.4849066497880004,51.51222222222222
2020-10-13 23:18:53.720,South (30–35N) | West (130–138E),3,3,4.6,239.74333333333334,945125716674.2219,1,0,0,11.975489580389652,1.3862943611198906,1.3862943611198906,239.74333333333334
2020-11-12 23:18:53.720,Central (35–40N) | East (138–146E),9,10,4.8,47.81888888888889,3268100423730.6074,1,1,1,12.514295393271148,2.302585092994046,2.3978952727983707,47.81888888888889
2020-11-12 23:18:53.720,Central (35–40N) | West (130–138E),0,3,0.0,,0.0,0,0,0,0.0,0.0,1.3862943611198906,86.05303030303031
2020-11-12 23:18:53.720,North (40–45N) | East (138–146E),14,9,5.5,66.22785714285713,19925526088554.242,1,0,0,13.299409796785355,2.70805020110221,2.302585092994046,66.22785714285713
2020-11-12 23:18:53.720,North (40–45N) | West (130–138E),0,0,0.0,,0.0,0,0,0,0.0,0.0,0.0,86.05303030303031
2020-11-12 23:18:53.720,South (30–35N) | East (138–146E),14,9,5.2,64.44,7563791071964.563,1,0,0,12.87873952419923,2.70805020110221,2.302585092994046,64.44
2020-11-12 23:18:53.720,South (30–35N) | West (130–138E),3,3,4.2,274.6666666666667,233656634842.5327,0,1,1,11.368578117630923,1.3862943611198906,1.3862943611198906,274.6666666666667
2020-12-12 23:18:53.720,Central (35–40N) | East (138–146E),13,9,5.5,58.76461538461539,14575238983114.121,1,0,0,13.163615684405135,2.6390573296152584,2.302585092994046,58.76461538461539
2020-12-12 23:18:53.720,Central (35–40N) | West (130–138E),0,0,0.0,,0.0,0,0,0,0.0,0.0,0.0,86.05303030303031
2020-12-12 23:18:53.720,North (40–45N) | East (138–146E),8,14,5.5,91.94125,13715743172893.8,1,1,2,13.13721934436075,2.1972245773362196,2.70805020110221,91.94125
2020-12-12 23:18:53.720,North (40–45N) | West (130–138E),0,0,0.0,,0.0,0,0,0,0.0,0.0,0.0,86.05303030303031
2020-12-12 23:18:53.720,South (30–35N) | East (138–146E),10,14,4.9,94.11999999999998,4502424834335.354,1,0,0,12.653446471229397,2.3978952727983707,2.70805020110221,94.11999999999998
2020-12-12 23:18:53.720,South (30–35N) | West (130–138E),1,3,5.1,366.31,2818382931264.449,1,0,0,12.450000000000154,0.6931471805599453,1.3862943611198906,366.31
2021-01-11 23:18:53.720,Central (35–40N) | East (138–146E),19,13,5.0,53.01315789473684,11405186884593.264,1,0,0,13.057102405989964,2.995732273553991,2.6390573296152584,53.01315789473684
2021-01-11 23:18:53.720,Central (35–40N) | West (130–138E),0,0,0.0,,0.0,0,0,0,0.0,0.0,0.0,86.05303030303031
2021-01-11 23:18:53.720,North (40–45N) | East (138–146E),8,8,6.3,115.36500000000001,181359831415650.7,1,1,2,14.258541103417059,2.1972245773362196,2.1972245773362196,115.36500000000001
2021-01-11 23:18:53.720,North (40–45N) | West (130–138E),0,0,0.0,,0.0,0,0,0,0.0,0.0,0.0,86.05303030303031
2021-01-11 23:18:53.720,South (30–35N) | East (138–146E),16,10,4.9,61.659375000000004,9412986772031.918,1,0,0,12.973727448379183,2.833213344056216,2.3978952727983707,61.659375000000004
2021-01-11 23:18:53.720,South (30–35N) | West (130–138E),5,1,4.9,266.514,2406075363673.904,1,0,0,12.381309226293748,1.791759469228055,0.6931471805599453,266.514
2021-02-10 23:18:53.720,Central (35–40N) | East (138–146E),18,19,4.7,51.03944444444444,5699032556692.751,1,1,6,12.755801137962084,2.9444389791664403,2.995732273553991,51.03944444444444
2021-02-10 23:18:53.720,Central (35–40N) | West (130–138E),0,0,0.0,,0.0,0,0,0,0.0,0.0,0.0,86.05303030303031
2021-02-10 23:18:53.720,North (40–45N) | East (138–146E),10,8,5.9,89.20899999999999,55909758457449.95,1,1,1,13.747487616014302,2.3978952727983707,2.1972245773362196,89.20899999999999
2021-02-10 23:18:53.720,North (40–45N) | West (130–138E),0,0,0.0,,0.0,0,0,0,0.0,0.0,0.0,86.05303030303031
2021-02-10 23:18:53.720,South (30–35N) | East (138–146E),12,16,5.3,175.1,7909064559182.929,1,0,0,12.898125120563602,2.5649493574615367,2.833213344056216,175.1
2021-02-10 23:18:53.720,South (30–35N) | West (130–138E),5,5,5.0,106.356,2764592636088.0654,1,0,0,12.441631146876768,1.791759469228055,1.791759469228055,106.356
2021-03-12 23:18:53.720,Central (35–40N) | East (138–146E),41,18,7.1,52.39951219512196,2860368914385961.5,1,1,3,15.45642204961495,3.7376696182833684,2.9444389791664403,52.39951219512196
2021-03-12 23:18:53.720,Central (35–40N) | West (130–138E),1,0,4.2,43.82,125892541179.41713,0,0,0,11.100000000003451,0.6931471805599453,0.0,43.82
2021-03-12 23:18:53.720,North (40–45N) | East (138–146E),14,10,5.0,65.77571428571429,6429065494688.682,1,0,0,12.808147850063472,2.70805020110221,2.3978952727983707,65.77571428571429
2021-03-12 23:18:53.720,North (40–45N) | West (130–138E),1,0,4.6,279.61,501187233627.2715,1,0,0,11.700000000000866,0.6931471805599453,0.0,279.61
2021-03-12 23:18:53.720,South (30–35N) | East (138–146E),8,12,4.5,121.75375000000001,1575182036038.0767,1,0,0,12.197330750302745,2.1972245773362196,2.5649493574615367,121.75375000000001
2021-03-12 23:18:53.720,South (30–35N) | West (130–138E),7,5,5.1,90.01142857142857,6046898019057.359,1,0,0,12.781532644290795,2.0794415416798357,1.791759469228055,90.01142857142857
2021-04-11 23:18:53.720,Central (35–40N) | East (138–146E),17,41,7.0,51.77058823529411,2003815348888584.8,1,1,2,15.301857698905023,2.8903717578961645,3.7376696182833684,51.77058823529411
2021-04-11 23:18:53.720,Central (35–40N) | West (130–138E),0,1,0.0,,0.0,0,0,0,0.0,0.0,0.6931471805599453,86.05303030303031
2021-04-11 23:18:53.720,North (40–45N) | East (138–146E),11,14,4.9,54.26272727272728,4326843264950.5195,1,0,0,12.636171163652728,2.4849066497880004,2.70805020110221,54.26272727272728
2021-04-11 23:18:53.720,North (40–45N) | West (130–138E),1,1,4.0,465.49,63095734448.019424,0,0,0,10.800000000006884,0.6931471805599453,0.6931471805599453,465.49
2021-04-11 23:18:53.720,South (30–35N) | East (138–146E),8,8,5.7,62.505,24013384822437.707,1,0,0,13.380453380635927,2.1972245773362196,2.1972245773362196,62.505
2021-04-11 23:18:53.720,South (30–35N) | West (130–138E),4,7,4.9,27.4225,2830110107474.048,1,0,0,12.451803332393053,1.6094379124341003,2.0794415416798357,27.4225
2021-05-11 23:18:53.720,Central (35–40N) | East (138–146E),19,17,6.9,56.445789473684215,1451461153409191.8,1,1,1,15.16180541696012,2.995732273553991,2.8903717578961645,56.445789473684215
2021-05-11 23:18:53.720,Central (35–40N) | West (130–138E),1,0,4.3,10.0,177827941003.89227,0,0,0,11.250000000002442,0.6931471805599453,0.0,10.0
2021-05-11 23:18:53.720,North (40–45N) | East (138–146E),10,11,4.6,48.895,2181082562088.5068,1,1,1,12.338672105551755,2.3978952727983707,2.4849066497880004,48.895
2021-05-11 23:18:53.720,North (40–45N) | West (130–138E),1,1,4.0,481.85,63095734448.019424,0,0,0,10.800000000006884,0.6931471805599453,0.6931471805599453,481.85
2021-05-11 23:18:53.720,South (30–35N) | East (138–146E),10,8,5.1,146.894,5162894680974.585,1,0,0,12.712893265868903,2.3978952727983707,2.1972245773362196,146.894
2021-05-11 23:18:53.720,South (30–35N) | West (130–138E),7,4,4.6,144.78714285714287,2038583136468.5728,1,0,0,12.309328427327909,2.0794415416798357,1.6094379124341003,144.78714285714287
2021-06-10 23:18:53.720,Central (35–40N) | East (138–146E),29,19,6.0,47.453448275862065,95357498310886.05,1,0,0,13.979354848897538,3.4011973816621555,2.995732273553991,47.453448275862065
2021-06-10 23:18:53.720,Central (35–40N) | West (130–138E),2,1,4.0,419.0,126191468896.03885,0,0,0,11.101029995667423,1.0986122886681098,0.6931471805599453,419.0
2021-06-10 23:18:53.720,North (40–45N) | East (138–146E),18,10,5.7,44.028333333333336,32560869077723.32,1,1,1,13.512695988066762,2.9444389791664403,2.3978952727983707,44.028333333333336
2021-06-10 23:18:53.720,North (40–45N) | West (130–138E),0,1,0.0,,0.0,0,0,0,0.0,0.0,0.6931471805599453,86.05303030303031
2021-06-10 23:18:53.720,South (30–35N) | East (138–146E),18,10,5.2,40.03777777777778,12200469600806.664,1,0,0,13.08637654715954,2.9444389791664403,2.3978952727983707,40.03777777777778
2021-06-10 23:18:53.720,South (30–35N) | West (130–138E),4,7,4.5,122.1525,773565005689.3801,1,0,0,11.88849681503136,1.6094379124341003,2.0794415416798357,122.1525
2021-07-10 23:18:53.720,Central (35–40N) | East (138–146E),16,29,5.3,40.829375,8563315113845.802,1,0,0,12.932641925533735,2.833213344056216,3.4011973816621555,40.829375
2021-07-10 23:18:53.720,Central (35–40N) | West (130–138E),1,2,4.6,370.11,501187233627.2715,1,0,0,11.700000000000866,0.6931471805599453,1.0986122886681098,370.11
2021-07-10 23:18:53.720,North (40–45N) | East (138–146E),13,18,5.3,96.00384615384617,7581175896239.205,1,0,0,12.879736573130845,2.6390573296152584,2.9444389791664403,96.00384615384617
2021-07-10 23:18:53.720,North (40–45N) | West (130–138E),0,0,0.0,,0.0,0,0,0,0.0,0.0,0.0,86.05303030303031
2021-07-10 23:18:53.720,South (30–35N) | East (138–146E),8,18,5.2,115.15625,5335329142357.655,1,1,1,12.727161216694101,2.1972245773362196,2.9444389791664403,115.15625
2021-07-10 23:18:53.720,South (30–35N) | West (130–138E),3,4,5.0,48.089999999999996,3762613248825.2144,1,0,0,12.57548958038931,1.3862943611198906,1.6094379124341003,48.089999999999996
2021-08-09 23:18:53.720,Central (35–40N) | East (138–146E),57,16,5.8,25.639824561403508,69456668106990.64,1,1,2,13.841713946013979,4.060443010546419,2.833213344056216,25.639824561403508
2021-08-09 23:18:53.720,Central (35–40N) | West (130–138E),1,1,4.4,20.81,251188643150.95822,0,0,0,11.400000000001729,0.6931471805599453,0.6931471805599453,20.81
2021-08-09 23:18:53.720,North (40–45N) | East (138–146E),6,13,5.2,84.985,7000245176569.998,1,0,0,12.84511325100957,1.9459101490553132,2.6390573296152584,84.985
2021-08-09 23:18:53.720,North (40–45N) | West (130–138E),0,0,0.0,,0.0,0,0,0,0.0,0.0,0.0,86.05303030303031
2021-08-09 23:18:53.720,South (30–35N) | East (138–146E),16,8,5.4,32.68875,11934360801556.48,1,0,0,13.076799163368717,2.833213344056216,2.1972245773362196,32.68875
2021-08-09 23:18:53.720,South (30–35N) | West (130–138E),5,3,4.7,240.968,1649309936789.8066,1,0,0,12.217302275529224,1.791759469228055,1.3862943611198906,240.968
2021-09-08 23:18:53.720,Central (35–40N) | East (138–146E),19,57,5.3,35.188947368421054,16820585076083.95,1,0,0,13.22584109793609,2.995732273553991,4.060443010546419,35.188947368421054
2021-09-08 23:18:53.720,Central (35–40N) | West (130–138E),2,1,4.3,184.095,303720482183.3094,0,1,1,11.482474080689016,1.0986122886681098,0.6931471805599453,184.095
2021-09-08 23:18:53.720,North (40–45N) | East (138–146E),11,6,4.7,52.60909090909092,3249393353283.0757,1,0,0,12.511802287774765,2.4849066497880004,1.9459101490553132,52.60909090909092
2021-09-08 23:18:53.720,North (40–45N) | West (130–138E),1,0,4.3,559.68,177827941003.89227,0,0,0,11.250000000002442,0.6931471805599453,0.0,559.68
2021-09-08 23:18:53.720,South (30–35N) | East (138–146E),6,16,4.8,23.825000000000003,3337400026445.3716,1,0,0,12.523408265050392,1.9459101490553132,2.833213344056216,23.825000000000003
2021-09-08 23:18:53.720,South (30–35N) | West (130–138E),4,5,4.6,63.765,1096924298312.7593,1,1,1,12.040176656782515,1.6094379124341003,1.791759469228055,63.765
2021-10-08 23:18:53.720,Central (35–40N) | East (138–146E),21,19,5.9,48.088095238095235,52884986177270.23,1,0,0,13.723332395176289,3.091042453358316,2.995732273553991,48.088095238095235
2021-10-08 23:18:53.720,Central (35–40N) | West (130–138E),5,2,6.1,80.092,93733095473591.98,1,0,0,13.971892959551626,1.791759469228055,1.0986122886681098,80.092
2021-10-08 23:18:53.720,North (40–45N) | East (138–146E),9,11,5.7,55.91222222222221,23962393421721.543,1,1,2,13.379530194265431,2.302585092994046,2.4849066497880004,55.91222222222221
2021-10-08 23:18:53.720,North (40–45N) | West (130–138E),0,1,0.0,,0.0,0,0,0,0.0,0.0,0.6931471805599453,86.05303030303031
2021-10-08 23:18:53.720,South (30–35N) | East (138–146E),9,6,4.7,76.19111111111111,2955404886227.659,1,1,1,12.470616987014044,2.302585092994046,1.9459101490553132,76.19111111111111
2021-10-08 23:18:53.720,South (30–35N) | West (130–138E),4,4,5.8,120.47,40275685727393.8,1,0,0,13.605042943382712,1.6094379124341003,1.6094379124341003,120.47
2021-11-07 23:18:53.720,Central (35–40N) | East (138–146E),19,21,5.2,51.84526315789474,10122212377614.514,1,0,0,13.005275445150094,2.995732273553991,3.091042453358316,51.84526315789474
2021-11-07 23:18:53.720,Central (35–40N) | West (130–138E),1,5,4.1,238.51,89125093813.3744,0,0,0,10.950000000004872,0.6931471805599453,1.791759469228055,238.51
2021-11-07 23:18:53.720,North (40–45N) | East (138–146E),13,9,5.3,53.05923076923076,12684390968394.867,1,0,0,13.103269619731597,2.6390573296152584,2.302585092994046,53.05923076923076
2021-11-07 23:18:53.720,North (40–45N) | West (130–138E),0,0,0.0,,0.0,0,0,0,0.0,0.0,0.0,86.05303030303031
2021-11-07 23:18:53.720,South (30–35N) | East (138–146E),7,9,5.5,123.74,14183849836701.166,1,0,0,13.151794124775824,2.0794415416798357,2.302585092994046,123.74
2021-11-07 23:18:53.720,South (30–35N) | West (130–138E),4,4,4.9,199.33249999999998,2747563103813.584,1,0,0,12.438947675735653,1.6094379124341003,1.6094379124341003,199.33249999999998
2021-12-07 23:18:53.720,Central (35–40N) | East (138–146E),42,19,5.0,33.019285714285715,21427330330770.59,1,1,1,13.330968064889767,3.7612001156935624,2.995732273553991,33.019285714285715
2021-12-07 23:18:53.720,Central (35–40N) | West (130–138E),0,1,0.0,,0.0,0,0,0,0.0,0.0,0.6931471805599453,86.05303030303031
2021-12-07 23:18:53.720,North (40–45N) | East (138–146E),12,13,4.9,72.75,3822615641487.841,1,1,1,12.582360632527998,2.5649493574615367,2.6390573296152584,72.75
2021-12-07 23:18:53.720,North (40–45N) | West (130–138E),0,0,0.0,,0.0,0,0,0,0.0,0.0,0.0,86.05303030303031
2021-12-07 23:18:53.720,South (30–35N) | East (138–146E),44,7,6.3,21.43409090909091,207114134936059.47,1,1,2,14.316209739237506,3.8066624897703196,2.0794415416798357,21.43409090909091
2021-12-07 23:18:53.720,South (30–35N) | West (130–138E),7,4,5.2,185.89285714285714,6167596502469.978,1,0,0,12.790115953486096,2.0794415416798357,1.6094379124341003,185.89285714285714
2022-01-06 23:18:53.720,Central (35–40N) | East (138–146E),18,42,5.1,50.708888888888886,8738108062720.202,1,0,0,12.941417411253994,2.9444389791664403,3.7612001156935624,50.708888888888886
2022-01-06 23:18:53.720,Central (35–40N) | West (130–138E),0,0,0.0,,0.0,0,0,0,0.0,0.0,0.0,86.05303030303031
2022-01-06 23:18:53.720,North (40–45N) | East (138–146E),10,12,5.1,126.352,6325011388498.17,1,0,0,12.801061311817483,2.3978952727983707,2.5649493574615367,126.352
2022-01-06 23:18:53.720,North (40–45N) | West (130–138E),2,0,4.3,518.35,266953034817.26666,0,0,0,11.426434862438112,1.0986122886681098,0.0,518.35
2022-01-06 23:18:53.720,South (30–35N) | East (138–146E),65,44,5.1,12.646923076923077,28172464679740.895,1,0,0,13.449824843080489,4.189654742026425,3.8066624897703196,12.646923076923077
2022-01-06 23:18:53.720,South (30–35N) | West (130–138E),2,7,4.0,235.97,126191468896.03885,0,0,0,11.101029995667423,1.0986122886681098,2.0794415416798357,235.97
2022-02-05 23:18:53.720,Central (35–40N) | East (138–146E),25,18,5.0,51.0008,7026265803769.511,1,1,1,12.846724575135381,3.258096538021482,2.9444389791664403,51.0008
2022-02-05 23:18:53.720,Central (35–40N) | West (130–138E),2,0,4.0,248.785,126191468896.03885,0,0,0,11.101029995667423,1.0986122886681098,0.0,248.785
2022-02-05 23:18:53.720,North (40–45N) | East (138–146E),9,10,4.5,95.39,1380884651621.2686,1,0,0,12.140157402506098,2.302585092994046,2.3978952727983707,95.39
2022-02-05 23:18:53.720,North (40–45N) | West (130–138E),0,2,0.0,,0.0,0,0,0,0.0,0.0,1.0986122886681098,86.05303030303031
2022-02-05 23:18:53.720,South (30–35N) | East (138–146E),12,65,4.6,38.96666666666667,3308507077748.2583,1,0,0,12.519632068048425,2.5649493574615367,4.189654742026425,38.96666666666667
2022-02-05 23:18:53.720,South (30–35N) | West (130–138E),18,2,6.3,137.9811111111111,183788455226282.1,1,0,0,14.2643182274582,2.9444389791664403,1.0986122886681098,137.9811111111111
2022-03-07 23:18:53.720,Central (35–40N) | East (138–146E),29,25,5.1,48.76172413793104,14378503669697.256,1,1,8,13.157713692597218,3.4011973816621555,3.258096538021482,48.76172413793104
2022-03-07 23:18:53.720,Central (35–40N) | West (130–138E),1,2,4.8,5.84,1000000000000.0,1,0,0,12.000000000000433,0.6931471805599453,1.0986122886681098,5.84
2022-03-07 23:18:53.720,North (40–45N) | East (138–146E),14,9,4.9,48.67071428571428,5797583439416.801,1,1,1,12.763247007765903,2.70805020110221,2.302585092994046,48.67071428571428
2022-03-07 23:18:53.720,North (40–45N) | West (130–138E),0,0,0.0,,0.0,0,0,0,0.0,0.0,0.0,86.05303030303031
2022-03-07 23:18:53.720,South (30–35N) | East (138–146E),6,12,4.6,90.79333333333334,1442850313749.5596,1,0,0,12.159221278228557,1.9459101490553132,2.5649493574615367,90.79333333333334
2022-03-07 23:18:53.720,South (30–35N) | West (130–138E),3,18,4.5,139.54333333333332,887454719471.0444,1,0,0,11.948146203321379,1.3862943611198906,2.9444389791664403,139.54333333333332
2022-04-06 23:18:53.720,Central (35–40N) | East (138–146E),80,29,7.3,53.09525,5748055679618111.0,1,1,2,15.759520966357417,4.394449154672439,3.4011973816621555,53.09525
2022-04-06 23:18:53.720,Central (35–40N) | West (130–138E),4,1,4.5,63.9825,1212004064769.0686,1,0,0,12.083504076351927,1.6094379124341003,0.6931471805599453,63.9825
2022-04-06 23:18:53.720,North (40–45N) | East (138–146E),15,14,5.1,89.896,7486840126924.708,1,0,0,12.874298559355461,2.772588722239781,2.70805020110221,89.896
2022-04-06 23:18:53.720,North (40–45N) | West (130–138E),0,0,0.0,,0.0,0,0,0,0.0,0.0,0.0,86.05303030303031
2022-04-06 23:18:53.720,South (30–35N) | East (138–146E),11,6,5.1,66.06545454545454,5390203837178.366,1,0,0,12.731605188876598,2.4849066497880004,1.9459101490553132,66.06545454545454
2022-04-06 23:18:53.720,South (30–35N) | West (130–138E),5,3,4.8,124.41399999999999,1544644157635.2212,1,0,0,12.188828446107443,1.791759469228055,1.3862943611198906,124.41399999999999
2022-05-06 23:18:53.720,Central (35–40N) | East (138–146E),23,80,5.3,47.4191304347826,14769363310720.268,1,0,0,13.169361773808877,3.1780538303479458,4.394449154672439,47.4191304347826
2022-05-06 23:18:53.720,Central (35–40N) | West (130–138E),3,4,4.4,89.27666666666669,554909125334.2676,0,0,0,11.744221866731928,1.3862943611198906,1.6094379124341003,89.27666666666669
2022-05-06 23:18:53.720,North (40–45N) | East (138–146E),11,15,5.2,61.875454545454545,6378883100329.26,1,1,1,12.804744643325144,2.4849066497880004,2.772588722239781,61.875454545454545
2022-05-06 23:18:53.720,North (40–45N) | West (130–138E),0,0,0.0,,0.0,0,0,0,0.0,0.0,0.0,86.05303030303031
2022-05-06 23:18:53.720,South (30–35N) | East (138–146E),13,11,5.3,85.60538461538462,10040006285805.984,1,1,4,13.001733984710437,2.6390573296152584,2.4849066497880004,85.60538461538462
2022-05-06 23:18:53.720,South (30–35N) | West (130–138E),8,5,5.1,169.73250000000002,4657541457562.626,1,1,1,12.668156729314063,2.1972245773362196,1.791759469228055,169.73250000000002
2022-06-05 23:18:53.720,Central (35–40N) | East (138–146E),21,23,5.4,48.77047619047618,15664477088343.002,1,0,0,13.194915901839035,3.091042453358316,3.1780538303479458,48.77047619047618
2022-06-05 23:18:53.720,Central (35–40N) | West (130–138E),1,3,4.1,10.0,89125093813.3744,0,1,1,10.950000000004872,0.6931471805599453,1.3862943611198906,10.0
2022-06-05 23:18:53.720,North (40–45N) | East (138–146E),8,11,5.5,76.13374999999999,17320111781133.895,1,0,0,13.238550690555082,2.1972245773362196,2.4849066497880004,76.13374999999999
2022-06-05 23:18:53.720,North (40–45N) | West (130–138E),0,0,0.0,,0.0,0,0,0,0.0,0.0,0.0,86.05303030303031
2022-06-05 23:18:53.720,South (30–35N) | East (138–146E),35,13,6.0,21.37057142857143,117580272539893.17,1,0,0,14.070334462507553,3.58351893845611,2.6390573296152584,21.37057142857143
2022-06-05 23:18:53.720,South (30–35N) | West (130–138E),4,8,5.3,211.7575,5875497261978.947,1,0,0,12.769044628219532,1.6094379124341003,2.1972245773362196,211.7575
2022-07-05 23:18:53.720,Central (35–40N) | East (138–146E),17,21,5.3,58.53005882352941,12975635762652.863,1,0,0,13.11312864601553,2.8903717578961645,3.091042453358316,58.53005882352941
2022-07-05 23:18:53.720,Central (35–40N) | West (130–138E),4,1,5.1,8.9275,4445938110879.996,1,0,0,12.647963412863659,1.6094379124341003,0.6931471805599453,8.9275
2022-07-05 23:18:53.720,North (40–45N) | East (138–146E),11,8,4.9,86.01772727272727,3209650325842.608,1,0,0,12.506457720931808,2.4849066497880004,2.1972245773362196,86.01772727272727
2022-07-05 23:18:53.720,North (40–45N) | West (130–138E),0,0,0.0,,0.0,0,0,0,0.0,0.0,0.0,86.05303030303031
2022-07-05 23:18:53.720,South (30–35N) | East (138–146E),18,35,4.9,23.272499999999997,8474545501351.98,1,0,0,12.928116415837083,2.9444389791664403,3.58351893845611,23.272499999999997
2022-07-05 23:18:53.720,South (30–35N) | West (130–138E),8,4,4.9,60.222625,3413759620258.5166,1,0,0,12.53323293702761,2.1972245773362196,1.6094379124341003,60.222625
2022-08-04 23:18:53.720,Central (35–40N) | East (138–146E),16,17,5.4,46.9241875,11890760211872.566,1,1,2,13.075209621251796,2.833213344056216,2.8903717578961645,46.9241875
2022-08-04 23:18:53.720,Central (35–40N) | West (130–138E),0,4,0.0,,0.0,0,0,0,0.0,0.0,1.6094379124341003,86.05303030303031
2022-08-04 23:18:53.720,North (40–45N) | East (138–146E),9,11,5.2,72.0358888888889,5732594118411.055,1,1,1,12.758351193758967,2.302585092994046,2.4849066497880004,72.0358888888889
2022-08-04 23:18:53.720,North (40–45N) | West (130–138E),1,0,4.3,520.242,177827941003.89227,0,0,0,11.250000000002442,0.6931471805599453,0.0,520.242
2022-08-04 23:18:53.720,South (30–35N) | East (138–146E),76,18,5.7,14.341473684210527,87942952348057.66,1,1,1,13.944201041303565,4.343805421853684,2.9444389791664403,14.341473684210527
2022-08-04 23:18:53.720,South (30–35N) | West (130–138E),1,8,4.3,336.185,177827941003.89227,0,0,0,11.250000000002442,0.6931471805599453,2.1972245773362196,336.185
2022-09-03 23:18:53.720,Central (35–40N) | East (138–146E),24,16,5.1,48.971833333333336,11650755537284.977,1,0,0,13.066354089742696,3.2188758248682006,2.833213344056216,48.971833333333336
2022-09-03 23:18:53.720,Central (35–40N) | West (130–138E),1,0,4.2,277.743,125892541179.41713,0,0,0,11.100000000003451,0.6931471805599453,0.0,277.743
2022-09-03 23:18:53.720,North (40–45N) | East (138–146E),11,9,5.1,51.82845454545455,5486627234194.842,1,1,3,12.73930545488696,2.4849066497880004,2.302585092994046,51.82845454545455
2022-09-03 23:18:53.720,North (40–45N) | West (130–138E),0,1,0.0,,0.0,0,0,0,0.0,0.0,0.6931471805599453,86.05303030303031
2022-09-03 23:18:53.720,South (30–35N) | East (138–146E),26,76,5.6,12.649923076923077,30693483410979.812,1,1,2,13.487046179416456,3.295836866004329,4.343805421853684,12.649923076923077
2022-09-03 23:18:53.720,South (30–35N) | West (130–138E),6,1,4.9,198.05933333333334,2969821137211.566,1,0,0,12.472730293943227,1.9459101490553132,0.6931471805599453,198.05933333333334
2022-10-03 23:18:53.720,Central (35–40N) | East (138–146E),21,24,5.0,39.887476190476185,9838824924893.043,1,0,0,12.992943232668331,3.091042453358316,3.2188758248682006,39.887476190476185
2022-10-03 23:18:53.720,Central (35–40N) | West (130–138E),2,1,4.0,316.5695,126191468896.03885,0,0,0,11.101029995667423,1.0986122886681098,0.6931471805599453,316.5695
2022-10-03 23:18:53.720,North (40–45N) | East (138–146E),13,11,5.2,69.57346153846154,12022048671350.725,1,0,0,13.079978481880534,2.6390573296152584,2.4849066497880004,69.57346153846154
2022-10-03 23:18:53.720,North (40–45N) | West (130–138E),0,0,0.0,,0.0,0,0,0,0.0,0.0,0.0,86.05303030303031
2022-10-03 23:18:53.720,South (30–35N) | East (138–146E),29,26,5.2,27.199206896551722,19843966008607.32,1,0,0,13.297628474447272,3.4011973816621555,3.295836866004329,27.199206896551722
2022-10-03 23:18:53.720,South (30–35N) | West (130–138E),3,6,5.7,49.17033333333333,22764292570013.844,1,0,0,13.357254158588304,1.3862943611198906,1.9459101490553132,49.17033333333333
2022-11-02 23:18:53.720,Central (35–40N) | East (138–146E),26,21,5.2,49.95984615384616,13615379554100.59,1,0,0,13.1340297526135,3.295836866004329,3.091042453358316,49.95984615384616
2022-11-02 23:18:53.720,Central (35–40N) | West (130–138E),2,2,4.1,150.9305,152220828261.39383,0,0,0,11.18247408069044,1.0986122886681098,1.0986122886681098,150.9305
2022-11-02 23:18:53.720,North (40–45N) | East (138–146E),17,13,5.3,56.561764705882354,16357409522020.322,1,0,0,13.21371452675762,2.8903717578961645,2.6390573296152584,56.561764705882354
2022-11-02 23:18:53.720,North (40–45N) | West (130–138E),1,0,4.2,364.192,125892541179.41713,0,0,0,11.100000000003451,0.6931471805599453,0.0,364.192
2022-11-02 23:18:53.720,South (30–35N) | East (138–146E),23,29,5.0,31.980173913043476,11641982735961.79,1,0,0,13.066026950928793,3.1780538303479458,3.4011973816621555,31.980173913043476
2022-11-02 23:18:53.720,South (30–35N) | West (130–138E),1,3,4.9,29.854,1412537544622.7554,1,1,1,12.150000000000308,0.6931471805599453,1.3862943611198906,29.854
2022-12-02 23:18:53.720,Central (35–40N) | East (138–146E),21,26,5.0,51.62404761904762,9662065792988.568,1,0,0,12.985069990450754,3.091042453358316,3.295836866004329,51.62404761904762
2022-12-02 23:18:53.720,Central (35–40N) | West (130–138E),3,2,4.6,10.502333333333334,1357187856488.1191,1,0,0,12.132639965117377,1.3862943611198906,1.0986122886681098,10.502333333333334
2022-12-02 23:18:53.720,North (40–45N) | East (138–146E),11,17,4.9,79.7230909090909,6951593266852.8125,1,0,0,12.842084353899686,2.4849066497880004,2.8903717578961645,79.7230909090909
2022-12-02 23:18:53.720,North (40–45N) | West (130–138E),1,1,4.4,584.069,251188643150.95822,0,0,0,11.400000000001729,0.6931471805599453,0.6931471805599453,584.069
2022-12-02 23:18:53.720,South (30–35N) | East (138–146E),14,23,5.2,69.88992857142857,9794686771701.365,1,0,0,12.990990552071812,2.70805020110221,3.1780538303479458,69.88992857142857
2022-12-02 23:18:53.720,South (30–35N) | West (130–138E),6,1,6.1,151.44,90164769361106.84,1,0,0,13.9550368761129,1.9459101490553132,0.6931471805599453,151.44
2023-01-01 23:18:53.720,Central (35–40N) | East (138–146E),20,21,4.8,48.49374999999999,5339107710456.295,1,0,0,12.727468682346089,3.044522437723423,3.091042453358316,48.49374999999999
2023-01-01 23:18:53.720,Central (35–40N) | West (130–138E),1,3,4.1,238.709,89125093813.3744,0,0,0,10.950000000004872,0.6931471805599453,1.3862943611198906,238.709
2023-01-01 23:18:53.720,North (40–45N) | East (138–146E),14,11,5.0,60.40435714285716,8084962701238.06,1,1,1,12.907678020694688,2.70805020110221,2.4849066497880004,60.40435714285716
2023-01-01 23:18:53.720,North (40–45N) | West (130–138E),0,1,0.0,,0.0,0,0,0,0.0,0.0,0.6931471805599453,86.05303030303031
2023-01-01 23:18:53.720,South (30–35N) | East (138–146E),12,14,5.0,67.501,8619046612733.616,1,1,1,12.935459229429407,2.5649493574615367,2.70805020110221,67.501
2023-01-01 23:18:53.720,South (30–35N) | West (130–138E),7,6,5.6,84.63757142857142,19341044243213.977,1,0,0,13.286479918393471,2.0794415416798357,1.9459101490553132,84.63757142857142
2023-01-31 23:18:53.720,Central (35–40N) | East (138–146E),18,20,5.0,50.609777777777786,9313875182480.777,1,0,0,12.96913041354919,2.9444389791664403,3.044522437723423,50.609777777777786
2023-01-31 23:18:53.720,Central (35–40N) | West (130–138E),3,1,4.8,129.42233333333334,1240923675451.9119,1,0,0,12.093745070500344,1.3862943611198906,0.6931471805599453,129.42233333333334
2023-01-31 23:18:53.720,North (40–45N) | East (138–146E),13,14,5.1,83.70869230769232,5654857091463.511,1,0,0,12.752421633987803,2.6390573296152584,2.70805020110221,83.70869230769232
2023-01-31 23:18:53.720,North (40–45N) | West (130–138E),1,0,3.9,348.879,44668359215.09617,0,0,0,10.65000000000972,0.6931471805599453,0.0,348.879
2023-01-31 23:18:53.720,South (30–35N) | East (138–146E),6,12,5.2,134.01083333333335,4787765913228.087,1,1,1,12.680132908426492,1.9459101490553132,2.5649493574615367,134.01083333333335
2023-01-31 23:18:53.720,South (30–35N) | West (130–138E),3,7,4.5,181.69000000000003,658533871416.8855,1,0,0,11.818578117629723,1.3862943611198906,2.0794415416798357,181.69000000000003
2023-03-02 23:18:53.720,Central (35–40N) | East (138–146E),13,18,4.7,54.31638461538462,3774872767117.695,1,0,0,12.576902318224949,2.6390573296152584,2.9444389791664403,54.31638461538462
2023-03-02 23:18:53.720,Central (35–40N) | West (130–138E),2,3,4.2,342.9525,188988275627.43655,0,0,0,11.276434862438785,1.0986122886681098,1.3862943611198906,342.9525
2023-03-02 23:18:53.720,North (40–45N) | East (138–146E),11,13,6.0,86.51172727272727,68253172660104.18,1,1,1,13.83412284379707,2.4849066497880004,2.6390573296152584,86.51172727272727
2023-03-02 23:18:53.720,North (40–45N) | West (130–138E),0,1,0.0,,0.0,0,0,0,0.0,0.0,0.6931471805599453,86.05303030303031
2023-03-02 23:18:53.720,South (30–35N) | East (138–146E),15,6,5.8,44.85933333333334,40271463010104.83,1,0,0,13.604997407250208,2.772588722239781,1.9459101490553132,44.85933333333334
2023-03-02 23:18:53.720,South (30–35N) | West (130–138E),6,3,4.5,202.56633333333335,1010007943004.7623,1,0,0,12.004324789218295,1.9459101490553132,1.3862943611198906,202.56633333333335
2023-04-01 23:18:53.720,Central (35–40N) | East (138–146E),18,13,4.9,57.666666666666664,5943752168783.761,1,0,0,12.774060692748968,2.9444389791664403,2.6390573296152584,57.666666666666664
2023-04-01 23:18:53.720,Central (35–40N) | West (130–138E),2,2,4.2,128.8185,215017634992.79153,0,0,0,11.332474080689607,1.0986122886681098,1.0986122886681098,128.8185
2023-04-01 23:18:53.720,North (40–45N) | East (138–146E),12,11,6.0,78.96183333333333,86736604979618.17,1,0,0,13.938202419110034,2.5649493574615367,2.4849066497880004,78.96183333333333
2023-04-01 23:18:53.720,North (40–45N) | West (130–138E),0,0,0.0,,0.0,0,0,0,0.0,0.0,0.0,86.05303030303031
2023-04-01 23:18:53.720,South (30–35N) | East (138–146E),11,15,5.3,71.63481818181819,9448072125932.426,1,0,0,12.975343199992347,2.4849066497880004,2.772588722239781,71.63481818181819
2023-04-01 23:18:53.720,South (30–35N) | West (130–138E),3,6,4.2,364.65799999999996,314880816806.8537,0,0,0,11.49814620332227,1.3862943611198906,1.9459101490553132,364.65799999999996
2023-05-01 23:18:53.720,Central (35–40N) | East (138–146E),21,18,4.4,52.187333333333335,3555037698639.432,0,1,1,12.55084421047358,3.091042453358316,2.9444389791664403,52.187333333333335
2023-05-01 23:18:53.720,Central (35–40N) | West (130–138E),2,2,4.2,153.664,170560900394.5133,0,1,2,11.23187948000461,1.0986122886681098,1.0986122886681098,153.664
2023-05-01 23:18:53.720,North (40–45N) | East (138–146E),10,12,4.6,72.07430000000001,2540963248511.596,1,1,2,12.404998383632185,2.3978952727983707,2.5649493574615367,72.07430000000001
2023-05-01 23:18:53.720,North (40–45N) | West (130–138E),0,0,0.0,,0.0,0,0,0,0.0,0.0,0.0,86.05303030303031
2023-05-01 23:18:53.720,South (30–35N) | East (138–146E),5,11,4.6,84.10119999999999,1296177541639.2422,1,1,7,12.112664492332213,1.791759469228055,2.4849066497880004,84.10119999999999
2023-05-01 23:18:53.720,South (30–35N) | West (130–138E),14,3,4.8,25.209571428571426,5409372163562.216,1,0,0,12.733146861830628,2.70805020110221,1.3862943611198906,25.209571428571426
2023-05-31 23:18:53.720,Central (35–40N) | East (138–146E),23,21,6.1,57.65269565217391,97265071782396.52,1,0,0,13.987956911640552,3.1780538303479458,3.091042453358316,57.65269565217391
2023-05-31 23:18:53.720,Central (35–40N) | West (130–138E),12,2,6.2,9.194583333333334,148500316530985.1,1,0,0,14.171727379360396,2.5649493574615367,1.0986122886681098,9.194583333333334
2023-05-31 23:18:53.720,North (40–45N) | East (138–146E),13,10,5.9,75.52646153846155,51044688624938.61,1,1,2,13.707950558942303,2.6390573296152584,2.3978952727983707,75.52646153846155
2023-05-31 23:18:53.720,North (40–45N) | West (130–138E),0,0,0.0,,0.0,0,0,0,0.0,0.0,0.0,86.05303030303031
2023-05-31 23:18:53.720,South (30–35N) | East (138–146E),34,5,5.8,34.417088235294116,80666395967426.95,1,0,0,13.90669265386346,3.5553480614894135,1.791759469228055,34.417088235294116
2023-05-31 23:18:53.720,South (30–35N) | West (130–138E),2,14,4.6,58.8695,679015174631.1638,1,0,0,11.831879480002701,1.0986122886681098,2.70805020110221,58.8695
2023-06-30 23:18:53.720,Central (35–40N) | East (138–146E),23,23,4.9,48.555260869565224,7715905492142.369,1,0,0,12.88738689957164,3.1780538303479458,3.1780538303479458,48.555260869565224
2023-06-30 23:18:53.720,Central (35–40N) | West (130–138E),1,12,4.3,223.248,177827941003.89227,0,0,0,11.250000000002442,0.6931471805599453,2.5649493574615367,223.248
2023-06-30 23:18:53.720,North (40–45N) | East (138–146E),12,13,6.2,79.46666666666665,149961606595523.2,1,1,1,14.17598008453581,2.5649493574615367,2.6390573296152584,79.46666666666665
2023-06-30 23:18:53.720,North (40–45N) | West (130–138E),1,0,5.8,442.0,31622776601683.793,1,0,0,13.500000000000014,0.6931471805599453,0.0,442.0
2023-06-30 23:18:53.720,South (30–35N) | East (138–146E),11,34,4.7,53.59409090909091,3292980952902.9565,1,0,0,12.51758921869471,2.4849066497880004,3.5553480614894135,53.59409090909091
2023-06-30 23:18:53.720,South (30–35N) | West (130–138E),7,2,5.0,115.82242857142857,5442818476131.022,1,0,0,12.735823850369105,2.0794415416798357,1.0986122886681098,115.82242857142857
2023-07-30 23:18:53.720,Central (35–40N) | East (138–146E),13,23,4.9,63.77092307692307,5208995981836.819,1,0,0,12.716754022422842,2.6390573296152584,3.1780538303479458,63.77092307692307
2023-07-30 23:18:53.720,Central (35–40N) | West (130–138E),2,1,4.4,177.405,429016584154.85046,0,0,0,11.6324740806886,1.0986122886681098,0.6931471805599453,177.405
2023-07-30 23:18:53.720,North (40–45N) | East (138–146E),12,12,5.0,83.75500000000001,5542401678694.765,1,1,1,12.743697997541396,2.5649493574615367,2.5649493574615367,83.75500000000001
2023-07-30 23:18:53.720,North (40–45N) | West (130–138E),0,1,0.0,,0.0,0,0,0,0.0,0.0,0.6931471805599453,86.05303030303031
2023-07-30 23:18:53.720,South (30–35N) | East (138–146E),8,11,4.8,59.468125,3942217644250.0083,1,0,0,12.595740597388371,2.1972245773362196,2.4849066497880004,59.468125
2023-07-30 23:18:53.720,South (30–35N) | West (130–138E),3,7,4.9,51.254333333333335,2002849872063.4014,1,1,1,12.301648397033196,1.3862943611198906,2.0794415416798357,51.254333333333335
2023-08-29 23:18:53.720,Central (35–40N) | East (138–146E),22,13,5.8,44.32772727272728,41117300949903.94,1,1,1,13.614024598666344,3.1354942159291497,2.6390573296152584,44.32772727272728
2023-08-29 23:18:53.720,Central (35–40N) | West (130–138E),1,2,4.2,9.783,125892541179.41713,0,0,0,11.100000000003451,0.6931471805599453,1.0986122886681098,9.783
2023-08-29 23:18:53.720,North (40–45N) | East (138–146E),9,12,5.9,95.04333333333334,49692123131421.766,1,0,0,13.69628755268361,2.302585092994046,2.5649493574615367,95.04333333333334
2023-08-29 23:18:53.720,North (40–45N) | West (130–138E),0,0,0.0,,0.0,0,0,0,0.0,0.0,0.0,86.05303030303031
2023-08-29 23:18:53.720,South (30–35N) | East (138–146E),10,8,4.9,121.6578,4116392053886.8105,1,0,0,12.614516731185521,2.3978952727983707,2.1972245773362196,121.6578
2023-08-29 23:18:53.720,South (30–35N) | West (130–138E),7,3,5.5,117.81457142857143,14176486119389.74,1,0,0,13.151568596991424,2.0794415416798357,1.3862943611198906,117.81457142857143
2023-09-28 23:18:53.720,Central (35–40N) | East (138–146E),29,22,5.5,46.4263103448276,22642805133741.2,1,0,0,13.354930228993249,3.4011973816621555,3.1354942159291497,46.4263103448276
2023-09-28 23:18:53.720,Central (35–40N) | West (130–138E),2,1,4.4,200.0215,314284377598.97766,0,0,0,11.497322793710078,1.0986122886681098,0.6931471805599453,200.0215
2023-09-28 23:18:53.720,North (40–45N) | East (138–146E),11,9,4.7,86.515,3050200770852.2075,1,1,1,12.48432842649563,2.4849066497880004,2.302585092994046,86.515
2023-09-28 23:18:53.720,North (40–45N) | West (130–138E),1,0,4.9,644.879,1412537544622.7554,1,0,0,12.150000000000308,0.6931471805599453,0.0,644.879
2023-09-28 23:18:53.720,South (30–35N) | East (138–146E),32,10,5.8,25.914156249999998,70935252263295.19,1,1,14,13.850862117532413,3.4965075614664802,2.3978952727983707,25.914156249999998
2023-09-28 23:18:53.720,South (30–35N) | West (130–138E),5,7,4.6,135.99259999999998,1609218992413.286,1,0,0,12.206615149584065,1.791759469228055,2.0794415416798357,135.99259999999998
2023-10-28 23:18:53.720,Central (35–40N) | East (138–146E),13,29,4.5,71.80253846153846,3172509587542.605,1,0,0,12.501402943236716,2.6390573296152584,3.4011973816621555,71.80253846153846
2023-10-28 23:18:53.720,Central (35–40N) | West (130–138E),0,2,0.0,,0.0,0,0,0,0.0,0.0,1.0986122886681098,86.05303030303031
2023-10-28 23:18:53.720,North (40–45N) | East (138–146E),18,11,5.1,66.63716666666667,9981341789276.71,1,0,0,12.999188927310337,2.9444389791664403,2.4849066497880004,66.63716666666667
2023-10-28 23:18:53.720,North (40–45N) | West (130–138E),1,1,4.3,426.181,177827941003.89227,0,0,0,11.250000000002442,0.6931471805599453,0.6931471805599453,426.181
2023-10-28 23:18:53.720,South (30–35N) | East (138–146E),86,32,6.1,21.277441860465117,224335475644000.22,1,1,1,14.350897956856139,4.465908118654584,3.4965075614664802,21.277441860465117
2023-10-28 23:18:53.720,South (30–35N) | West (130–138E),5,5,4.7,278.27239999999995,1189793135287.9636,1,1,1,12.075471458861326,1.791759469228055,1.791759469228055,278.27239999999995
2023-11-27 23:18:53.720,Central (35–40N) | East (138–146E),18,13,4.8,43.09427777777778,6689203864862.812,1,0,0,12.82537443201725,2.9444389791664403,2.6390573296152584,43.09427777777778
2023-11-27 23:18:53.720,Central (35–40N) | West (130–138E),0,0,0.0,,0.0,0,0,0,0.0,0.0,0.0,86.05303030303031
2023-11-27 23:18:53.720,North (40–45N) | East (138–146E),11,18,5.8,78.29236363636365,33344096308704.125,1,0,0,13.523018951670371,2.4849066497880004,2.9444389791664403,78.29236363636365
2023-11-27 23:18:53.720,North (40–45N) | West (130–138E),0,1,0.0,,0.0,0,0,0,0.0,0.0,0.6931471805599453,86.05303030303031
2023-11-27 23:18:53.720,South (30–35N) | East (138–146E),10,86,5.0,124.30900000000001,4565228034214.769,1,0,0,12.659462475523805,2.3978952727983707,4.465908118654584,124.30900000000001
2023-11-27 23:18:53.720,South (30–35N) | West (130–138E),6,5,5.3,161.36766666666668,7668402150391.775,1,0,0,12.884704880303678,1.9459101490553132,1.791759469228055,161.36766666666668
2023-12-27 23:18:53.720,Central (35–40N) | East (138–146E),26,18,5.2,44.87203846153846,14985332686003.053,1,0,0,13.175666389062906,3.295836866004329,2.9444389791664403,44.87203846153846
2023-12-27 23:18:53.720,Central (35–40N) | West (130–138E),0,0,0.0,,0.0,0,1,16,0.0,0.0,0.0,86.05303030303031
2023-12-27 23:18:53.720,North (40–45N) | East (138–146E),6,11,4.7,94.08016666666667,1691625440306.9258,1,0,0,12.228304207866604,1.9459101490553132,2.4849066497880004,94.08016666666667
2023-12-27 23:18:53.720,North (40–45N) | West (130–138E),1,0,4.6,522.98,501187233627.2715,1,0,0,11.700000000000866,0.6931471805599453,0.0,522.98
2023-12-27 23:18:53.720,South (30–35N) | East (138–146E),21,10,4.9,78.44295238095239,9859932861307.863,1,0,0,12.993873957734076,3.091042453358316,2.3978952727983707,78.44295238095239
2023-12-27 23:18:53.720,South (30–35N) | West (130–138E),3,6,5.0,264.75966666666665,2372343499299.2583,1,0,0,12.375177572150067,1.3862943611198906,1.9459101490553132,264.75966666666665
2024-01-26 23:18:53.720,Central (35–40N) | East (138–146E),11,26,4.5,39.33663636363636,2138929902985.3054,1,1,1,12.330196552105388,2.4849066497880004,3.295836866004329,39.33663636363636
2024-01-26 23:18:53.720,Central (35–40N) | West (130–138E),116,0,7.5,9.80318103448276,1.1536947677442982e+16,1,0,0,16.062090923015077,4.762173934797756,0.0,9.80318103448276
2024-01-26 23:18:53.720,North (40–45N) | East (138–146E),15,6,5.1,68.81520000000002,6989898471195.89,1,0,0,12.844470867631351,2.772588722239781,1.9459101490553132,68.81520000000002
2024-01-26 23:18:53.720,North (40–45N) | West (130–138E),1,1,4.0,415.804,63095734448.019424,0,0,0,10.800000000006884,0.6931471805599453,0.6931471805599453,415.804
2024-01-26 23:18:53.720,South (30–35N) | East (138–146E),24,21,4.9,43.393125,8594379272434.367,1,0,0,12.934214515311497,3.2188758248682006,3.091042453358316,43.393125
2024-01-26 23:18:53.720,South (30–35N) | West (130–138E),4,3,4.4,152.63875000000002,717394921294.708,0,1,1,11.855758297819378,1.6094379124341003,1.3862943611198906,152.63875000000002
2024-02-25 23:18:53.720,Central (35–40N) | East (138–146E),24,11,5.1,54.25416666666667,11478431693766.68,1,1,1,13.059882554153369,3.2188758248682006,2.4849066497880004,54.25416666666667
2024-02-25 23:18:53.720,Central (35–40N) | West (130–138E),13,116,4.9,71.39130769230769,6311921366058.419,1,0,0,12.800161579792745,2.6390573296152584,4.762173934797756,71.39130769230769
2024-02-25 23:18:53.720,North (40–45N) | East (138–146E),10,15,4.6,74.7418,1789606057564.0994,1,0,0,12.252757441116872,2.3978952727983707,2.772588722239781,74.7418
2024-02-25 23:18:53.720,North (40–45N) | West (130–138E),0,1,0.0,,0.0,0,0,0,0.0,0.0,0.6931471805599453,86.05303030303031
2024-02-25 23:18:53.720,South (30–35N) | East (138–146E),10,24,5.2,99.76660000000001,6722377782895.823,1,0,0,12.827522915217244,2.3978952727983707,3.2188758248682006,99.76660000000001
2024-02-25 23:18:53.720,South (30–35N) | West (130–138E),9,4,5.3,186.36488888888888,8467288260728.742,1,0,0,12.92774434516356,2.302585092994046,1.6094379124341003,186.36488888888888
2024-03-26 23:18:53.720,Central (35–40N) | East (138–146E),28,24,5.6,44.27817857142856,35970229716077.12,1,1,1,13.555943211354974,3.367295829986474,3.2188758248682006,44.27817857142856
2024-03-26 23:18:53.720,Central (35–40N) | West (130–138E),5,13,4.6,14.4054,1123796150452.3228,1,0,0,12.050687540092264,1.791759469228055,2.6390573296152584,14.4054
2024-03-26 23:18:53.720,North (40–45N) | East (138–146E),15,10,4.9,58.574200000000005,7053748872493.302,1,1,3,12.84841999385835,2.772588722239781,2.3978952727983707,58.574200000000005
2024-03-26 23:18:53.720,North (40–45N) | West (130–138E),0,0,0.0,,0.0,0,0,0,0.0,0.0,0.0,86.05303030303031
2024-03-26 23:18:53.720,South (30–35N) | East (138–146E),5,10,4.8,10.0,2210919509893.933,1,0,0,12.344572932065473,1.791759469228055,2.3978952727983707,10.0
2024-03-26 23:18:53.720,South (30–35N) | West (130–138E),5,9,4.9,118.65539999999999,2624541609391.824,1,1,1,12.419053462448588,1.791759469228055,2.302585092994046,118.65539999999999
2024-04-25 23:18:53.720,Central (35–40N) | East (138–146E),12,28,6.1,58.33025000000001,93874314662684.72,1,0,0,13.972546779420478,2.5649493574615367,3.367295829986474,58.33025000000001
2024-04-25 23:18:53.720,Central (35–40N) | West (130–138E),2,5,4.2,157.4545,215017634992.79153,0,0,0,11.332474080689607,1.0986122886681098,1.791759469228055,157.4545
2024-04-25 23:18:53.720,North (40–45N) | East (138–146E),9,15,5.9,92.30555555555556,55720782619961.984,1,0,0,13.74601720762889,2.302585092994046,2.772588722239781,92.30555555555556
2024-04-25 23:18:53.720,North (40–45N) | West (130–138E),0,0,0.0,,0.0,0,0,0,0.0,0.0,0.0,86.05303030303031
2024-04-25 23:18:53.720,South (30–35N) | East (138–146E),4,5,4.7,142.1985,1565136459919.6328,1,0,0,12.194552208468368,1.6094379124341003,1.791759469228055,142.1985
2024-04-25 23:18:53.720,South (30–35N) | West (130–138E),7,5,6.3,85.11199999999998,182680994991795.72,1,0,0,14.26169336837327,2.0794415416798357,1.791759469228055,85.11199999999998
2024-05-25 23:18:53.720,Central (35–40N) | East (138–146E),12,12,4.8,44.47341666666666,3196600900188.483,1,0,0,12.504688417421194,2.5649493574615367,2.5649493574615367,44.47341666666666
2024-05-25 23:18:53.720,Central (35–40N) | West (130–138E),3,2,4.7,103.704,1240587114621.6084,1,1,1,12.093627266045972,1.3862943611198906,1.0986122886681098,103.704
2024-05-25 23:18:53.720,North (40–45N) | East (138–146E),6,9,5.0,49.13766666666667,3604481307382.1685,1,0,0,12.556842777641135,1.9459101490553132,2.302585092994046,49.13766666666667
2024-05-25 23:18:53.720,North (40–45N) | West (130–138E),0,0,0.0,,0.0,0,0,0,0.0,0.0,0.0,86.05303030303031
2024-05-25 23:18:53.720,South (30–35N) | East (138–146E),10,4,4.7,130.8923,2344200889576.275,1,0,0,12.369994826414516,2.3978952727983707,1.6094379124341003,130.8923
2024-05-25 23:18:53.720,South (30–35N) | West (130–138E),4,7,4.8,75.60925,1658533871416.8855,1,1,1,12.219724345327718,1.6094379124341003,2.0794415416798357,75.60925
2024-06-24 23:18:53.720,Central (35–40N) | East (138–146E),15,12,4.7,57.680066666666676,4676090143883.282,1,1,1,12.669882874734064,2.772588722239781,2.5649493574615367,57.680066666666676
2024-06-24 23:18:53.720,Central (35–40N) | West (130–138E),4,3,5.7,10.34775,24176830114636.598,1,0,0,13.383399358809031,1.6094379124341003,1.3862943611198906,10.34775
2024-06-24 23:18:53.720,North (40–45N) | East (138–146E),12,6,4.7,72.60775,2752484228261.0283,1,1,1,12.43972483914301,2.5649493574615367,1.9459101490553132,72.60775
2024-06-24 23:18:53.720,North (40–45N) | West (130–138E),0,0,0.0,,0.0,0,0,0,0.0,0.0,0.0,86.05303030303031
2024-06-24 23:18:53.720,South (30–35N) | East (138–146E),8,10,4.7,82.494375,2151152121963.6606,1,1,1,12.332671123262314,2.1972245773362196,2.3978952727983707,82.494375
2024-06-24 23:18:53.720,South (30–35N) | West (130–138E),10,4,5.5,186.44480000000001,14495920119560.574,1,0,0,13.161245787139498,2.3978952727983707,1.6094379124341003,186.44480000000001
2024-07-24 23:18:53.720,Central (35–40N) | East (138–146E),22,15,5.1,49.91845454545455,10317675480123.568,1,1,1,13.013581863970748,3.1354942159291497,2.772588722239781,49.91845454545455
2024-07-24 23:18:53.720,Central (35–40N) | West (130–138E),2,4,4.9,10.0,1538430085802.1726,1,0,0,12.187077764451002,1.0986122886681098,1.6094379124341003,10.0
2024-07-24 23:18:53.720,North (40–45N) | East (138–146E),4,12,5.3,94.47675000000001,8745516665351.25,1,0,0,12.941785471708723,1.6094379124341003,2.5649493574615367,94.47675000000001
2024-07-24 23:18:53.720,North (40–45N) | West (130–138E),0,0,0.0,,0.0,0,0,0,0.0,0.0,0.0,86.05303030303031
2024-07-24 23:18:53.720,South (30–35N) | East (138–146E),9,8,5.6,60.32833333333334,26947663059214.242,1,0,0,13.43052110850258,2.302585092994046,2.1972245773362196,60.32833333333334
2024-07-24 23:18:53.720,South (30–35N) | West (130–138E),6,10,4.3,227.4045,696864985896.6149,0,1,1,11.843148643866327,1.9459101490553132,2.3978952727983707,227.4045
